id,PROHIBE_JORNADA,PROHIBE_CLASES,CONFISCACION,PROHIBE_FOTOS,RESTRINGE_USO,USO_INAPR,PROTOCOLO_USO,PROHIBE_REDES,SIN_REGULACION,PROHIBE_LABORAL
226,0,1,1,0,1,0,0,0,0,0
280,0,1,1,1,1,1,0,0,0,1
418,0,1,1,0,1,1,0,0,0,0
471,0,0,1,0,1,1,0,0,0,0
479,0,1,1,1,1,1,1,1,0,0
672,0,0,0,0,0,1,0,0,0,0
718,Exception occurred. Please try again: No se pudo dividir en texto el documento ./docs/ReglamentoConvivencia_718.pdf,Exception occurred. Please try again: No se pudo dividir en texto el documento ./docs/ReglamentoConvivencia_718.pdf,Exception occurred. Please try again: No se pudo dividir en texto el documento ./docs/ReglamentoConvivencia_718.pdf,Exception occurred. Please try again: No se pudo dividir en texto el documento ./docs/ReglamentoConvivencia_718.pdf,Exception occurred. Please try again: No se pudo dividir en texto el documento ./docs/ReglamentoConvivencia_718.pdf,Exception occurred. Please try again: No se pudo dividir en texto el documento ./docs/ReglamentoConvivencia_718.pdf,Exception occurred. Please try again: No se pudo dividir en texto el documento ./docs/ReglamentoConvivencia_718.pdf,Exception occurred. Please try again: No se pudo dividir en texto el documento ./docs/ReglamentoConvivencia_718.pdf,Exception occurred. Please try again: No se pudo dividir en texto el documento ./docs/ReglamentoConvivencia_718.pdf,Exception occurred. Please try again: No se pudo dividir en texto el documento ./docs/ReglamentoConvivencia_718.pdf
1217,0,0,0,0,0,1,0,0,0,0
1261,0,1,1,1,1,1,1,1,0,1
1468,0,0,0,1,1,0,0,0,0,1
1503,0,1,1,0,1,1,1,0,0,0
1571,0,1,1,0,1,0,0,0,0,0
1657,0,1,1,0,1,1,1,0,0,0
1868,1,1,1,0,1,0,0,1,0,0
1892,0,1,1,0,1,1,1,0,0,0
2041,0,1,1,0,1,1,0,0,0,0
2084,0,1,1,0,1,1,0,0,0,0
2135,0,1,1,1,1,1,0,0,0,0
2733,0,1,1,0,1,1,0,0,0,0
2793,0,1,0,1,1,1,0,0,0,0
2816,0,1,1,0,1,1,0,1,0,0
2843,0,1,1,0,1,1,1,0,0,0
2883,0,1,0,0,1,0,1,1,0,1
3070,0,1,1,1,1,1,0,0,0,1
3079,0,1,1,1,1,1,0,0,0,0
3169,0,1,1,0,1,1,0,0,0,0
3263,1,1,1,0,1,1,0,0,0,0
3349,0,1,1,0,1,0,1,0,0,0
3720,0,0,0,1,1,1,1,0,0,0
3730,0,1,1,0,1,1,1,0,0,0
3799,0,0,0,0,1,1,1,0,0,0
4190,0,1,1,1,1,1,1,0,0,0
4374,0,0,1,0,0,1,0,0,0,0
4656,0,1,0,1,0,1,1,0,0,0
5110,0,0,0,0,1,1,0,0,0,0
5150,0,1,0,0,0,0,0,0,0,0
5372,0,1,0,0,0,1,0,0,0,0
5467,0,1,1,0,0,1,1,0,0,0
5614,0,1,0,1,1,1,0,1,0,1
5659,0,0,0,0,0,1,0,0,0,0
5873,1,1,1,0,1,1,0,0,0,0
5896,1,1,1,0,1,1,0,0,0,0
6502,0,1,1,0,1,0,0,0,0,0
6644,0,1,1,0,1,1,1,0,0,0
6895,0,1,1,1,1,0,0,0,0,0
7238,0,1,1,1,1,1,1,0,0,0
7650,0,1,0,0,0,1,0,0,0,0
7722,0,1,1,0,1,0,1,0,0,1
8513,0,1,1,1,1,1,1,0,1,0
8902,1,1,1,1,1,1,1,0,1,0
8921,0,1,1,1,1,1,1,0,0,0
9140,0,1,0,1,0,1,0,0,0,1
9221,0,1,0,0,1,1,0,0,0,0
9324,1,1,1,1,1,1,0,0,0,0
9337,0,1,0,0,1,0,0,0,0,0
9490,0,1,1,1,0,1,0,0,0,0
9504,0,1,1,1,1,1,0,0,1,0
9599,0,1,1,0,1,1,1,0,0,1
10253,0,1,1,0,1,1,0,0,0,0
10332,0,0,0,1,0,1,0,0,0,0
10426,0,1,1,1,1,1,1,0,0,0
10900,0,1,1,0,1,1,1,1,0,0
10915,0,1,1,1,1,1,1,1,0,0
11025,0,0,0,0,0,1,0,0,0,0
11035,0,0,0,1,1,1,1,1,0,0
11792,0,1,1,1,1,1,0,0,0,0
11909,1,1,1,0,1,0,1,0,0,0
11952,0,1,0,0,1,0,0,0,0,0
12058,0,1,1,1,1,1,1,0,0,1
12094,1,0,1,1,1,1,0,1,0,0
12113,0,0,0,1,1,0,0,0,0,1
12945,0,1,1,0,1,0,1,0,0,0
13535,0,1,1,1,1,1,0,0,0,0
14206,0,1,1,0,1,1,1,0,0,1
14381,0,1,1,0,1,1,1,0,0,0
14537,1,1,1,0,1,0,1,1,0,0
14616,0,0,1,0,1,1,0,1,0,0
14671,0,1,1,1,1,1,0,1,0,0
14674,0,0,1,1,1,1,0,0,0,1
14707,0,1,1,0,1,1,1,0,0,0
15632,0,1,0,0,1,0,0,1,0,0
15720,0,1,1,0,1,1,0,0,0,0
15758,0,0,0,0,0,1,1,0,1,0
16441,0,1,1,0,1,1,0,1,0,0
16476,0,1,1,0,0,1,0,0,0,0
16569,0,0,0,0,0,1,0,0,0,0
16676,0,0,0,1,0,0,0,0,0,0
16780,0,1,1,0,1,1,0,0,0,0
17790,0,1,1,1,1,0,0,0,0,0
18037,0,0,0,0,0,0,0,0,0,0
18147,0,1,1,1,1,0,1,0,0,0
20285,0,1,1,0,1,1,0,0,0,0
20475,1,1,1,0,1,1,1,1,0,1
22094,1,1,1,1,1,1,0,0,0,0
22181,0,1,1,0,1,1,0,0,0,0
22255,0,0,0,0,1,1,0,0,0,0
22489,0,0,0,0,0,0,0,0,0,0
22566,0,1,1,0,1,1,0,0,0,0
24305,0,1,1,1,1,1,0,0,0,0
25038,0,0,0,0,1,1,1,0,0,0
25084,1,1,1,0,1,0,0,0,0,0
25188,0,0,1,0,0,1,0,0,0,0
25348,0,1,0,0,1,1,0,0,0,0
25454,0,0,0,1,0,1,0,0,0,0
25525,0,1,1,0,0,1,1,0,0,0
25933,0,1,1,1,1,1,1,1,0,0
25944,0,1,1,0,1,1,0,0,0,0
26135,0,1,0,0,1,1,1,0,1,0
26298,0,1,1,0,1,0,0,0,0,0
26372,0,1,1,1,1,1,1,0,0,0
26503,0,1,0,1,1,0,0,0,0,1
31294,0,1,1,0,1,1,0,1,0,0
12836,0,1,1,1,1,1,0,0,0,0
10076,0,1,1,0,1,1,0,0,0,0
1579,0,0,0,0,1,1,0,0,1,0
17735,0,1,0,1,1,1,0,0,0,0
10399,0,1,1,1,1,1,1,0,0,0
22358,0,1,1,1,1,1,1,1,0,0
40352,0,0,1,0,0,1,0,0,1,0
9088,0,0,0,0,0,0,0,0,0,0
8206,0,0,1,1,0,1,0,0,0,1
25496,0,1,1,0,1,0,0,0,0,0
3886,0,0,0,1,0,1,0,0,0,0
5024,0,0,0,0,1,1,0,0,0,0
14820,1,1,1,1,0,1,1,0,0,0
12649,0,1,1,0,1,1,0,0,0,0
5048,0,1,1,1,1,1,0,0,0,0
7102,0,1,1,0,1,1,0,0,0,0
9328,0,1,1,0,1,1,0,0,0,0
1414,0,1,0,0,1,0,0,0,0,0
3618,0,1,0,0,1,1,0,0,0,0
6113,0,1,1,0,1,1,0,0,0,0
9582,0,0,1,0,0,1,0,0,0,0
12001,0,1,0,1,1,1,0,0,0,0
16549,0,1,0,0,1,1,0,1,0,0
6834,0,1,1,0,1,1,0,0,0,0
6253,0,1,1,1,1,1,0,0,0,0
2134,0,1,1,0,1,1,0,0,0,0
12242,0,1,0,0,1,1,0,0,0,0
9646,0,1,1,1,1,1,0,0,0,0
24443,0,0,0,0,0,0,0,1,0,0
4287,1,0,1,0,1,1,1,0,0,0
106,0,1,0,1,1,1,0,0,0,0
11918,0,1,1,0,1,1,1,0,0,0
9638,0,1,0,0,1,1,1,0,0,1
2442,0,1,1,0,1,0,0,0,0,0
6643,1,1,1,0,1,1,1,1,0,1
15770,0,1,1,0,1,1,0,0,0,0
8108,0,0,0,1,1,1,0,0,0,0
24623,0,1,0,0,1,1,1,0,0,0
24204,0,1,1,0,1,1,1,0,0,1
8195,0,1,0,1,1,1,0,0,0,0
10845,0,1,0,1,0,1,1,0,0,0
24444,0,0,0,0,0,0,0,0,0,0
31066,0,1,1,0,1,0,0,0,0,0
9587,1,1,1,0,1,1,0,0,0,0
1300,0,0,0,0,0,1,0,1,0,0
17838,0,0,0,0,0,0,0,0,0,0
11936,0,0,0,0,1,1,0,0,0,0
2103,0,1,1,0,1,1,0,0,0,0
10968,0,1,0,1,1,0,0,0,0,0
10432,0,1,0,0,1,0,0,0,0,0
16443,0,1,1,1,1,1,0,0,0,0
20136,0,1,0,0,1,1,0,1,0,0
15775,0,0,1,1,1,1,1,0,0,0
18017,0,0,0,1,0,1,1,0,0,1
3538,0,1,0,1,1,0,1,0,0,0
13627,0,1,1,1,1,1,0,1,0,0
10911,0,0,0,0,0,1,0,0,0,0
9324,1,1,1,1,1,1,0,0,0,0
15781,0,1,1,1,1,1,1,0,0,0
8505,0,0,0,0,1,0,0,0,0,0
4702,0,1,1,1,1,1,1,0,0,1
2066,0,1,1,0,1,1,0,0,0,0
22553,0,1,1,1,1,1,1,0,0,0
24828,0,1,0,0,0,0,0,1,0,0
4533,0,1,1,1,1,1,0,0,0,0
17790,0,1,1,1,1,0,0,0,0,0
9845,1,1,0,0,1,1,0,0,0,0
14206,0,1,1,0,1,1,1,0,0,1
12033,0,0,0,0,0,1,0,1,0,0
20475,1,1,1,0,1,1,1,1,0,1
25676,0,1,1,0,1,1,0,0,0,0
9608,0,1,1,0,1,1,0,0,1,0
2940,0,1,1,0,1,1,1,1,0,0
10781,0,1,1,1,0,1,0,0,0,1
24843,0,1,1,1,1,1,0,0,0,0
2974,0,0,1,0,0,1,1,0,0,0
4591,0,1,1,0,1,1,0,0,0,1
15840,0,0,0,0,0,0,0,0,0,0
4703,0,1,1,0,1,1,1,0,0,0
8496,0,0,0,1,1,1,0,0,0,0
16751,0,1,1,0,1,1,1,0,0,0
12749,0,0,0,1,0,1,0,1,0,0
1886,0,1,0,1,1,1,1,0,0,0
2635,0,1,1,0,1,1,0,1,0,0
11287,0,0,1,1,0,1,1,1,0,0
9781,0,0,0,1,0,1,0,0,0,0
11818,0,0,0,0,0,0,0,0,0,0
2836,0,1,1,1,1,1,0,1,0,1
16587,0,1,1,1,0,1,0,0,0,0
1742,0,1,1,1,1,1,0,0,0,0
22462,0,0,1,1,1,1,0,1,0,1
4951,0,1,1,1,1,1,1,0,0,0
8507,0,1,1,1,1,1,1,0,0,1
9474,0,0,1,1,0,0,0,0,0,0
22496,0,1,0,0,1,1,0,0,0,0
8352,0,1,1,1,1,0,0,0,0,0
9339,0,1,1,1,1,1,1,0,0,0
6270,0,1,1,0,1,1,0,0,0,0
1013,0,1,1,0,1,1,0,0,0,0
25936,0,0,1,0,1,1,1,0,0,0
9665,0,1,1,0,1,1,1,0,0,0
25711,0,1,0,1,1,0,0,0,0,1
5567,0,1,1,1,1,1,1,0,0,0
3640,0,1,1,1,1,1,1,0,0,0
9688,1,1,1,0,1,1,0,0,0,0
26012,0,0,1,0,1,0,1,0,0,0
1881,0,0,0,1,0,0,1,0,0,0
6766,0,1,1,1,1,1,1,0,0,0
24956,0,1,1,0,1,1,0,0,0,0
218,0,0,0,0,0,1,1,0,0,0
10735,0,1,1,1,1,1,0,0,0,0
3907,1,1,0,0,1,1,0,0,0,0
5440,0,0,1,1,0,1,1,0,0,0
6087,0,0,0,1,1,1,1,0,0,0
1468,0,0,0,1,1,0,0,0,0,1
5655,0,1,1,1,1,1,1,0,0,0
108,0,1,1,1,1,1,1,0,0,0
10573,0,1,1,1,1,1,1,1,0,0
8494,0,1,1,1,1,1,1,0,0,0
10783,0,1,0,1,1,1,1,0,0,0
4270,0,1,1,0,1,0,0,0,0,0
12004,0,0,0,0,0,0,0,0,0,0
11144,0,1,0,1,1,1,1,1,0,0
14865,0,0,0,0,0,1,0,1,0,0
335,0,0,0,1,1,0,0,0,0,0
7720,0,1,1,0,1,1,0,0,0,0
22535,0,0,0,0,0,1,1,0,0,0
1444,0,1,1,0,1,1,0,1,0,0
40230,0,1,1,0,1,1,1,0,0,0
20184,0,1,1,0,1,0,0,0,0,0
1335,0,0,1,1,1,1,1,0,0,0
22313,0,1,1,1,1,1,0,0,0,0
7200,0,1,0,0,1,1,0,0,0,0
10780,0,0,1,1,1,1,1,0,0,0
1674,0,0,1,1,1,1,1,1,0,0
25645,1,1,1,1,1,0,0,0,0,0
2793,0,1,0,1,1,1,0,0,0,0
13558,0,1,0,0,1,0,1,0,0,0
22012,0,1,1,0,1,1,0,0,0,0
3247,0,0,1,0,0,1,0,1,0,0
9408,0,0,0,0,0,1,0,0,0,0
448,0,0,0,0,0,1,0,1,0,0
4824,0,0,0,1,0,1,1,0,0,0
25790,0,1,1,0,1,1,0,1,0,0
9061,0,1,1,0,1,1,0,0,0,0
610,0,0,0,0,0,0,0,0,0,0
9779,0,1,1,0,1,1,1,0,0,0
6052,0,1,1,1,1,1,1,0,0,0
1469,1,1,0,1,1,0,0,1,0,0
5216,0,1,0,0,1,1,0,0,0,0
10917,0,0,0,0,1,1,0,0,0,0
131,0,0,0,1,1,1,1,0,0,0
25542,0,1,1,0,1,1,0,0,0,0
9111,0,1,1,0,1,1,0,1,0,0
10164,0,0,0,1,1,1,0,0,0,0
988,0,0,0,0,0,0,0,1,0,0
372,0,1,0,0,1,1,0,0,0,0
16608,0,0,0,0,0,0,0,0,0,0
4672,0,1,1,0,1,1,0,0,0,0
9784,1,1,0,0,1,1,0,0,0,0
8644,0,0,0,1,0,1,0,0,0,0
97,0,1,1,0,1,1,1,0,0,0
6223,0,0,0,1,0,1,0,0,0,0
22200,0,0,0,0,0,0,0,0,0,0
10396,0,1,1,0,1,1,0,0,0,0
9599,0,1,1,0,1,1,1,0,0,1
7031,0,1,1,1,1,1,0,0,0,0
13461,0,0,1,1,0,1,1,0,0,0
9867,0,0,0,0,0,0,1,0,0,0
5566,0,1,1,0,1,0,0,0,0,0
1327,0,1,1,0,1,1,1,1,0,0
3742,0,0,1,0,1,1,0,0,0,0
5219,0,0,0,0,0,0,0,0,0,0
1503,0,1,1,0,1,1,1,0,0,0
14210,0,1,1,0,1,1,0,0,0,0
24689,0,1,0,0,0,0,0,1,0,0
2378,0,1,1,1,1,0,0,0,0,1
9957,0,1,1,0,1,0,1,0,0,0
10252,0,0,0,0,1,0,0,0,0,0
1438,0,1,0,0,1,1,1,0,0,0
10663,0,0,0,1,0,1,1,0,0,0
11038,0,1,1,1,1,1,1,0,0,0
1123,0,1,0,1,1,0,0,0,0,0
9864,0,1,0,0,0,1,0,0,0,0
9489,0,0,0,1,1,1,0,0,0,1
16729,0,1,0,0,1,1,0,0,0,1
4500,0,1,1,1,1,0,1,0,0,0
13344,1,1,1,1,1,1,0,1,0,1
8657,0,1,1,1,1,1,1,1,0,0
15596,0,1,1,1,1,1,1,0,0,0
31345,0,1,0,0,1,1,0,0,0,0
16985,0,1,1,1,1,1,1,0,0,0
15646,0,1,1,0,1,1,1,1,1,1
4536,0,0,0,0,0,0,0,0,0,0
9583,0,1,1,1,0,1,1,0,0,0
17848,0,1,1,0,1,1,1,0,0,0
13394,0,0,0,1,0,1,0,0,0,1
40457,0,1,1,1,1,1,1,0,0,0
1542,0,1,1,1,1,1,0,0,0,0
20298,0,1,0,0,1,0,0,1,0,0
8488,0,1,0,1,1,1,1,0,1,0
7627,0,0,0,1,0,1,0,0,0,0
8502,0,1,1,1,1,0,1,1,0,0
5105,0,0,0,0,1,1,0,0,0,0
4700,0,1,1,0,1,1,0,0,0,0
2040,0,1,1,1,1,1,0,0,0,0
16634,1,0,1,1,1,0,0,0,0,0
25824,0,1,1,0,1,1,1,0,0,0
5394,0,1,1,0,1,1,0,0,0,0
10666,0,0,0,0,0,0,0,0,0,0
8109,0,1,0,0,1,0,0,0,0,0
10075,0,0,1,0,1,1,0,0,0,0
9164,0,1,1,0,1,0,0,0,0,0
7542,0,1,0,1,1,1,0,0,0,0
17915,0,0,0,0,0,0,0,0,0,0
9726,0,1,1,1,1,1,0,0,0,0
371,0,0,0,0,0,0,0,0,0,0
704,0,1,0,1,1,1,0,0,0,0
9419,0,1,0,0,1,1,0,0,0,0
379,0,1,1,0,1,1,0,0,0,0
279,0,1,1,0,1,1,1,0,0,0
1261,0,1,1,1,1,1,1,0,0,1
2013,0,1,1,1,1,1,1,0,0,0
15832,0,0,0,0,1,1,0,0,0,0
1971,0,0,0,1,0,1,0,0,0,0
9917,1,1,0,0,1,1,1,0,0,1
2104,0,0,0,0,1,1,1,0,1,1
10052,0,1,1,1,1,1,0,0,0,0
3003,0,1,1,0,1,1,0,0,0,0
12332,0,0,0,1,0,0,0,0,0,0
13561,0,0,0,0,0,0,0,0,0,0
1880,0,1,1,0,1,1,0,0,0,0
12225,0,1,1,1,1,1,0,0,0,0
13145,0,0,1,1,1,1,0,1,0,0
12336,0,1,1,0,1,1,0,0,0,0
2111,0,0,1,0,0,1,0,0,0,0
1048,0,1,1,0,1,1,0,0,0,1
1449,0,1,0,0,1,1,1,1,0,0
3479,1,1,1,0,1,0,0,0,0,0
31116,0,0,0,0,0,0,0,0,0,0
25026,0,0,1,1,0,1,0,0,0,0
5921,0,1,1,0,1,1,0,0,0,0
3657,0,1,0,1,1,1,0,0,0,1
11608,0,1,1,0,1,1,0,1,0,0
5663,0,1,1,1,1,1,1,0,0,0
5393,0,1,1,1,1,1,0,0,0,0
8654,0,0,0,1,0,1,0,0,0,0
1739,0,0,0,0,1,0,0,0,0,0
2530,1,1,0,0,1,0,0,0,0,0
6895,0,1,1,1,1,1,0,0,0,0
25562,0,1,1,1,1,1,1,0,0,0
1987,0,0,1,0,1,1,0,0,0,0
16676,0,0,0,1,0,0,0,0,0,0
10196,0,1,1,1,1,1,0,0,0,0
25114,0,1,0,1,0,1,1,0,0,0
219,0,1,1,0,1,1,1,0,0,0
4975,0,1,0,0,1,1,0,0,0,0
26037,0,1,1,0,1,1,1,0,1,0
2935,0,1,1,0,1,1,1,1,1,0
5729,0,0,1,1,1,1,0,0,0,0
2019,0,1,0,0,1,1,0,0,0,0
9281,0,1,0,0,1,1,1,0,0,0
609,0,0,0,0,1,1,1,0,0,0
22322,1,1,1,0,1,1,0,0,0,0
25523,0,1,1,1,1,1,0,0,0,0
18218,Exception occurred. Please try again: Cannot open empty file: filename='./docs/ReglamentoConvivencia_18218.pdf'.,Exception occurred. Please try again: Cannot open empty file: filename='./docs/ReglamentoConvivencia_18218.pdf'.,Exception occurred. Please try again: Cannot open empty file: filename='./docs/ReglamentoConvivencia_18218.pdf'.,Exception occurred. Please try again: Cannot open empty file: filename='./docs/ReglamentoConvivencia_18218.pdf'.,Exception occurred. Please try again: Cannot open empty file: filename='./docs/ReglamentoConvivencia_18218.pdf'.,Exception occurred. Please try again: Cannot open empty file: filename='./docs/ReglamentoConvivencia_18218.pdf'.,Exception occurred. Please try again: Cannot open empty file: filename='./docs/ReglamentoConvivencia_18218.pdf'.,Exception occurred. Please try again: Cannot open empty file: filename='./docs/ReglamentoConvivencia_18218.pdf'.,Exception occurred. Please try again: Cannot open empty file: filename='./docs/ReglamentoConvivencia_18218.pdf'.,Exception occurred. Please try again: Cannot open empty file: filename='./docs/ReglamentoConvivencia_18218.pdf'.
9634,0,0,1,1,1,1,1,0,0,0
22499,0,0,1,1,1,1,1,0,0,0
9213,0,1,0,1,1,1,0,0,0,0
4560,0,1,0,0,1,1,1,0,0,0
280,0,1,1,0,1,1,0,0,0,1
4392,0,0,0,0,0,0,0,0,0,0
14641,0,1,1,1,1,1,1,1,0,0
1675,0,1,1,1,1,1,1,0,0,0
1262,0,0,0,0,1,1,0,0,0,0
16452,0,0,0,0,1,1,0,0,0,1
10746,0,0,0,0,1,1,0,0,0,0
9865,0,1,1,0,1,1,0,0,0,0
13590,0,0,1,1,0,1,1,0,0,0
8430,0,1,1,1,1,1,0,0,0,0
2224,1,1,1,0,1,1,1,0,0,1
3643,0,0,0,0,0,0,0,0,0,0
3909,0,1,1,1,1,1,1,0,0,0
25032,0,0,1,0,0,1,0,0,0,1
25395,1,1,1,0,0,1,0,0,1,0
9194,0,1,1,0,1,1,1,0,0,0
4535,0,0,0,0,0,1,0,0,0,0
1515,0,1,1,1,1,1,1,0,0,0
367,0,1,1,0,1,1,0,0,0,0
656,0,1,1,0,0,1,0,0,0,0
14336,0,1,1,1,1,0,0,0,0,0
4505,0,1,1,0,1,1,1,0,0,0
1864,0,0,0,0,1,1,0,0,0,0
10727,0,1,1,0,1,1,1,0,1,0
1264,0,1,1,0,1,1,0,0,0,0
15722,0,0,0,0,0,0,0,0,0,0
3434,0,1,1,1,1,1,1,0,0,0
4870,0,1,1,0,1,1,0,0,0,0
22234,0,0,0,1,1,0,0,0,0,0
25300,0,1,1,1,1,1,1,0,0,0
9065,0,1,1,1,1,1,0,0,0,0
14266,0,1,1,0,1,0,0,0,0,0
7872,0,1,1,0,1,1,1,0,0,0
20352,0,1,1,1,1,1,1,0,0,0
107,1,1,1,1,1,0,1,0,0,0
5323,0,0,0,1,0,0,0,0,0,0
1997,0,1,1,0,1,1,0,0,0,0
26372,0,1,1,1,1,1,1,0,0,0
597,0,0,1,0,0,1,0,0,0,0
16410,0,0,0,1,0,1,0,0,0,0
12842,0,1,1,1,1,1,0,0,0,0
25095,0,0,1,1,1,1,0,0,0,0
1851,0,1,1,1,1,1,1,1,0,0
4084,0,1,1,0,1,0,0,0,0,0
10588,0,0,0,1,0,1,0,1,0,0
8510,0,1,0,1,1,1,1,1,0,0
19983,0,1,1,1,1,1,1,1,0,1
802,0,1,1,1,1,1,0,0,0,0
12830,0,1,1,1,1,1,0,0,0,0
17778,0,1,0,0,0,1,1,0,1,0
7044,0,1,1,1,1,1,0,0,0,0
13352,0,0,0,0,0,0,0,0,0,0
4102,0,1,1,0,1,0,1,0,0,0
13513,0,1,1,0,1,0,0,0,0,0
1198,0,1,1,1,1,1,0,0,0,0
4948,0,0,1,1,1,1,1,0,0,0
5697,0,1,0,0,1,1,0,0,0,0
31107,0,0,0,1,1,1,0,0,0,1
2233,0,0,0,0,0,1,0,0,1,0
11706,0,0,0,0,0,1,1,0,0,0
31288,0,1,1,1,1,1,1,1,1,1
2084,0,1,1,0,1,1,0,1,0,0
7236,0,1,1,1,1,1,1,0,0,1
13621,0,0,0,0,0,1,0,0,0,0
1663,1,1,1,1,1,1,0,0,0,0
20052,0,1,1,0,1,1,1,0,0,0
24946,0,1,1,1,1,1,0,0,0,0
2732,0,0,0,1,1,0,0,1,0,0
7722,0,1,1,0,1,0,1,0,0,1
3328,0,1,0,1,1,1,1,0,0,0
9075,0,1,1,0,1,0,1,0,0,1
5568,0,1,1,0,1,1,1,0,0,0
26209,0,1,1,1,1,1,1,0,0,0
284,0,1,0,1,1,0,0,0,0,0
4446,0,1,0,1,1,1,0,1,0,0
8044,0,0,0,0,0,0,0,0,0,0
8495,0,1,1,1,1,1,0,0,0,0
6452,0,1,1,1,0,1,1,0,0,0
4483,0,1,1,0,1,0,0,1,0,0
4559,0,0,0,0,1,1,0,0,0,0
220,0,1,0,0,1,1,0,0,0,0
1167,0,0,0,1,0,1,1,0,0,0
7135,0,0,0,0,0,1,0,0,0,0
8504,0,0,0,0,0,1,0,0,0,0
17662,0,0,1,0,0,1,0,0,0,0
8424,1,1,1,0,1,0,1,0,0,0
2043,0,1,0,0,1,1,1,0,0,1
13626,0,1,1,1,1,1,0,0,0,0
4925,0,1,1,1,1,1,1,0,0,0
6398,0,1,0,0,1,1,1,0,0,0
1672,0,0,0,0,0,1,1,0,0,0
24482,0,1,1,1,1,1,0,0,0,0
10452,0,1,1,0,1,1,0,0,0,0
25556,0,1,1,1,1,1,1,0,0,1
9069,0,0,0,0,1,1,0,0,0,0
968,0,1,1,1,1,1,0,0,0,0
1756,0,1,1,1,1,1,1,0,0,0
2733,0,1,1,0,1,1,0,0,0,1
4707,0,1,1,0,1,1,0,0,0,0
5113,0,1,0,0,1,0,0,0,0,0
20213,0,1,1,1,1,1,1,0,0,0
11527,0,1,1,1,1,1,0,0,0,0
12759,0,1,0,1,1,1,1,0,0,0
12534,0,0,0,0,0,1,0,0,0,1
1149,0,1,1,0,1,1,0,0,0,0
22317,0,0,0,0,0,1,0,0,0,0
3172,0,1,0,0,1,0,1,0,0,0
5720,0,1,1,0,1,1,0,0,0,0
5109,0,1,1,0,1,1,0,0,0,0
10520,0,1,1,0,1,1,0,0,0,0
4871,0,1,0,1,1,1,0,0,0,0
18037,0,0,0,0,0,0,0,0,0,0
22027,0,1,1,0,1,1,0,0,0,0
15720,0,1,1,0,1,1,0,0,0,0
11591,0,1,1,0,1,1,1,0,0,0
7753,0,1,1,0,1,1,1,0,0,0
1490,0,1,0,1,0,1,0,0,0,0
2910,0,1,1,0,1,1,1,0,0,0
2908,0,0,1,0,1,0,1,0,0,0
19974,0,1,1,0,1,1,0,0,0,0
5806,0,0,0,0,0,0,0,0,0,0
10408,0,0,1,0,1,1,1,0,0,0
5467,0,1,1,0,1,1,1,0,0,0
22140,0,1,0,0,1,1,0,0,0,0
3173,0,1,1,1,1,1,0,0,0,0
2401,0,0,1,0,1,1,0,0,0,0
3443,0,1,0,1,1,1,0,0,0,0
4195,1,1,1,1,1,1,0,0,0,1
4190,0,1,1,1,1,1,1,0,0,0
6496,0,1,1,0,1,1,0,0,0,0
10854,0,1,1,1,1,1,0,0,0,0
3059,0,0,0,1,0,1,1,0,0,0
40102,0,1,1,0,1,1,1,0,0,0
19953,0,0,1,0,0,0,0,0,0,0
7651,0,0,1,1,0,0,0,0,0,0
4141,0,1,0,0,1,0,0,0,0,0
10130,0,1,1,1,1,1,0,0,0,0
2035,0,1,1,0,1,0,0,0,0,0
2285,0,1,0,1,1,0,1,0,0,1
16844,0,1,0,0,1,0,0,0,0,0
4292,0,1,1,0,1,1,0,0,0,1
11248,0,0,0,0,0,1,0,0,0,0
10667,0,1,1,0,1,1,1,0,0,0
6734,0,0,1,1,1,1,0,0,0,0
521,0,1,1,0,1,0,1,1,0,0
10106,0,1,1,0,1,1,0,0,0,0
1681,0,0,0,1,0,0,1,1,0,0
16600,0,0,0,0,0,1,0,0,0,0
287,0,1,1,1,1,1,1,0,0,0
10352,0,0,1,0,0,1,1,0,0,0
26405,0,1,0,1,1,1,0,0,0,0
15502,0,1,1,1,1,1,0,0,0,0
13542,0,1,1,1,1,1,1,0,0,0
7325,0,1,1,0,1,0,0,0,0,0
13486,0,1,1,1,1,0,1,0,0,0
344,0,1,1,0,1,1,0,0,0,1
7699,1,1,1,1,1,1,0,0,0,0
13417,0,0,0,0,0,0,0,0,0,0
9020,0,0,0,1,1,1,0,1,0,1
4973,0,1,1,1,1,1,1,0,0,0
6828,0,0,0,1,0,1,0,0,0,0
15758,0,1,0,0,1,1,1,0,1,0
40110,0,1,1,0,1,0,0,0,0,0
9347,0,1,1,1,1,1,1,0,0,0
1183,0,1,1,1,1,1,1,0,0,0
4565,0,0,0,1,0,1,1,1,0,1
14674,0,0,1,1,1,1,1,0,0,1
14348,1,1,1,1,1,1,1,0,0,0
9182,0,1,1,0,1,0,0,0,0,0
13503,0,1,1,0,1,1,0,0,0,0
11950,0,1,1,1,1,1,1,1,0,0
31421,0,0,0,0,0,0,0,0,0,0
14494,0,1,0,0,1,1,1,0,0,0
17817,0,1,1,1,1,1,1,0,1,0
31260,0,0,0,0,0,1,0,0,0,0
1875,1,1,1,0,1,1,1,0,0,0
9656,0,1,0,0,1,1,1,0,0,0
10696,0,1,1,0,1,1,1,0,0,0
25944,0,1,1,0,0,1,0,0,0,0
16716,0,1,1,1,1,1,0,0,0,0
24717,0,1,0,0,1,1,1,0,0,1
4830,0,1,0,0,1,1,0,0,0,0
9172,0,1,0,1,1,1,1,0,0,0
16825,0,0,1,1,1,1,0,0,0,0
2041,0,1,1,0,1,1,0,0,0,0
3108,0,0,1,1,0,1,0,0,0,0
9827,0,1,1,0,1,1,0,0,0,0
14790,0,1,1,0,0,1,1,1,0,1
9318,0,1,1,1,1,1,0,0,1,1
3013,0,1,1,0,1,0,1,1,0,0
2455,0,1,0,1,1,1,0,1,0,0
14770,1,1,1,0,1,1,1,0,0,0
20266,0,1,0,1,1,1,0,0,0,0
14514,Exception occurred. Please try again: No se pudo dividir en texto el documento ./docs/ReglamentoConvivencia_14514.pdf,Exception occurred. Please try again: No se pudo dividir en texto el documento ./docs/ReglamentoConvivencia_14514.pdf,Exception occurred. Please try again: No se pudo dividir en texto el documento ./docs/ReglamentoConvivencia_14514.pdf,Exception occurred. Please try again: No se pudo dividir en texto el documento ./docs/ReglamentoConvivencia_14514.pdf,Exception occurred. Please try again: No se pudo dividir en texto el documento ./docs/ReglamentoConvivencia_14514.pdf,Exception occurred. Please try again: No se pudo dividir en texto el documento ./docs/ReglamentoConvivencia_14514.pdf,Exception occurred. Please try again: No se pudo dividir en texto el documento ./docs/ReglamentoConvivencia_14514.pdf,Exception occurred. Please try again: No se pudo dividir en texto el documento ./docs/ReglamentoConvivencia_14514.pdf,Exception occurred. Please try again: No se pudo dividir en texto el documento ./docs/ReglamentoConvivencia_14514.pdf,Exception occurred. Please try again: No se pudo dividir en texto el documento ./docs/ReglamentoConvivencia_14514.pdf
15690,0,1,1,0,1,0,1,0,0,0
5104,0,0,0,0,1,1,0,0,0,0
13633,0,1,1,0,1,1,1,0,0,0
9063,0,0,0,1,1,1,0,0,0,0
14315,0,0,0,0,0,1,0,0,0,0
8645,0,1,0,1,1,1,1,0,0,0
10223,0,1,1,1,1,1,1,0,0,0
10851,0,0,1,0,1,0,0,0,0,1
9926,0,1,0,0,1,1,0,0,0,0
8492,0,0,1,0,0,1,1,0,1,0
8632,0,0,0,0,1,1,0,0,0,1
24207,0,1,1,0,1,1,0,0,0,0
16780,0,1,1,0,1,1,0,0,0,0
16851,0,1,1,0,1,0,0,0,0,0
530,0,1,1,0,1,1,1,0,0,0
9140,0,1,0,1,0,1,0,0,0,1
22483,0,0,1,0,1,1,0,0,0,0
14534,0,1,1,1,1,1,0,0,0,0
20173,0,1,1,0,1,1,0,0,0,0
1316,0,0,0,0,0,1,0,0,0,0
2580,0,0,0,1,0,1,0,0,1,0
31084,0,1,1,0,1,1,0,0,0,0
1119,0,1,1,1,1,1,1,0,0,0
9824,1,1,0,0,0,0,0,0,0,0
11209,1,1,1,0,1,0,0,1,0,0
10484,0,0,1,1,0,1,1,0,0,0
5265,0,1,1,0,1,1,1,1,0,0
8666,1,1,1,0,1,1,1,0,0,0
12515,0,0,0,1,0,1,0,0,0,0
17902,0,1,1,1,1,1,1,0,0,0
16749,0,1,1,1,1,1,0,0,0,0
2165,0,1,0,0,1,0,0,0,0,0
8501,0,1,0,1,1,1,1,0,0,0
12547,0,0,0,1,0,1,1,0,0,0
16535,0,1,0,0,1,1,1,0,0,0
16494,0,1,1,0,1,1,0,0,0,0
8514,0,1,1,1,1,1,0,0,0,1
25091,0,1,1,1,1,1,1,0,0,0
40295,0,1,1,0,1,1,1,0,0,0
9940,0,1,1,0,1,1,0,0,0,0
4333,0,1,1,0,1,0,0,0,0,0
2991,0,1,1,0,1,1,0,0,0,0
8650,0,0,0,1,0,1,1,0,0,0
13387,0,1,1,0,1,1,0,0,0,0
31203,0,0,0,1,0,1,0,0,0,0
40436,0,1,1,0,1,1,0,0,0,0
5666,0,1,1,1,1,1,0,0,0,0
1482,0,1,0,0,1,1,1,0,0,0
2863,0,1,1,1,1,1,1,0,0,0
17857,0,1,1,0,1,0,0,0,0,0
11105,0,1,1,1,1,1,1,0,0,1
2656,0,1,1,0,1,1,0,0,0,0
13565,0,0,0,0,0,1,0,0,0,0
440,0,1,0,1,1,1,0,0,0,0
14605,0,1,1,1,1,1,1,0,0,0
20074,0,1,1,0,1,1,0,0,0,0
8643,0,1,0,1,1,1,0,1,0,0
25070,0,1,1,1,1,1,0,0,0,0
26324,0,1,1,0,0,1,0,0,0,0
20274,0,1,0,1,1,0,0,0,0,0
10600,0,0,1,1,0,1,1,0,0,0
6084,0,1,1,1,1,1,1,1,0,1
12652,0,1,1,1,1,1,0,0,0,0
17652,0,1,1,0,1,0,0,0,0,0
12031,0,0,1,0,1,1,0,0,0,0
3311,0,1,0,1,1,0,0,0,0,0
1969,0,1,1,0,1,1,1,0,0,0
24230,0,0,0,0,0,1,0,0,0,0
14490,0,1,1,1,1,1,1,1,0,0
20158,0,1,0,0,1,0,0,0,0,1
9082,0,1,0,0,1,1,0,0,0,0
9906,0,1,0,0,1,0,0,0,0,1
8499,0,1,0,0,1,1,0,0,0,0
1290,0,1,1,1,1,1,0,0,0,0
25865,1,1,1,1,1,1,0,0,0,0
2217,0,0,1,1,0,1,0,0,0,0
7650,0,1,0,0,0,1,0,0,0,0
9168,0,1,1,1,1,1,0,1,0,0
9801,0,1,1,1,1,1,1,0,0,0
10385,0,1,1,1,1,1,1,0,0,0
50,0,1,1,1,1,1,1,1,0,0
14211,0,1,1,0,1,1,1,0,0,0
8671,0,1,0,0,1,1,1,0,0,1
668,0,1,0,0,1,1,1,0,0,0
4631,0,1,0,0,1,0,0,0,0,0
12244,0,1,0,0,1,1,0,0,0,0
12655,0,1,1,1,1,1,1,1,0,0
17750,1,1,0,1,1,0,0,0,0,0
31299,0,1,1,0,1,1,1,0,1,0
16807,0,1,1,0,1,0,0,0,0,0
20290,0,1,0,1,1,1,0,0,0,0
14626,1,1,0,0,0,0,0,0,0,0
3432,0,1,1,1,1,0,1,0,0,0
1164,0,0,0,0,1,1,0,0,0,0
1908,0,1,0,1,1,1,1,0,0,1
52,0,1,1,1,1,1,0,0,0,0
9972,0,1,1,0,1,1,0,0,0,0
1364,0,1,1,0,1,1,0,0,0,0
8422,0,1,1,0,1,0,0,0,0,0
13178,0,1,1,1,1,1,0,0,0,0
4577,0,0,0,1,0,1,1,1,0,0
8490,0,1,1,1,1,1,1,0,0,0
40305,0,1,1,1,1,1,0,0,0,0
10140,0,1,1,0,1,1,1,0,0,0
25613,0,1,0,0,1,1,0,0,0,1
16970,0,1,1,1,1,1,0,0,0,0
13489,1,1,0,0,1,1,1,0,0,0
2218,0,1,1,0,1,1,1,0,0,0
20167,0,0,0,0,0,1,0,0,0,0
13156,0,1,1,0,1,1,0,0,0,0
4779,0,0,0,0,0,0,0,1,0,0
431,0,1,1,1,1,1,1,0,0,0
9072,1,1,1,1,1,1,1,0,0,0
7183,0,1,1,0,1,1,0,0,0,0
13535,0,1,1,1,1,1,0,0,0,0
6122,0,0,1,0,1,1,0,1,0,0
15683,0,1,1,1,1,1,0,1,0,0
9486,0,0,0,0,0,1,0,1,0,0
14782,0,1,1,1,1,1,1,1,0,0
15643,0,0,0,0,1,1,0,0,0,0
14365,0,1,0,0,1,1,0,0,0,0
16798,0,1,1,1,1,0,0,1,0,0
3530,0,1,1,0,1,1,1,0,0,0
13103,0,0,1,1,0,1,1,1,0,0
14616,0,0,1,0,1,1,1,1,0,0
9655,0,1,1,0,1,1,1,0,0,0
8930,0,1,1,1,1,1,1,0,0,0
9799,0,0,0,0,0,1,0,0,0,0
18087,0,1,1,1,1,1,0,1,0,0
9298,0,0,0,0,0,1,1,1,0,0
4666,0,1,1,0,1,1,0,0,0,0
31262,0,1,1,1,1,1,1,0,0,0
25448,0,0,1,0,1,1,0,0,0,1
10828,0,1,1,1,1,0,0,0,0,0
1918,0,1,1,1,1,1,1,0,0,0
20008,0,1,0,1,1,1,0,1,0,0
8429,0,1,1,0,1,1,0,0,0,0
10232,0,1,0,0,1,0,0,0,0,1
9945,0,1,1,0,1,1,0,0,0,0
22262,0,0,1,1,1,1,0,1,0,0
10253,0,1,1,0,1,1,0,0,0,0
31103,0,1,1,0,1,0,0,0,0,0
125,0,0,1,1,1,1,1,0,0,0
3010,0,1,0,1,1,1,0,0,0,0
12775,0,1,1,0,1,1,0,0,0,0
24209,0,1,0,1,1,1,0,0,0,0
8487,0,1,1,1,1,1,0,0,0,0
2007,0,1,0,0,1,1,0,0,0,0
14541,0,1,1,0,1,1,0,0,0,0
14822,0,1,1,1,1,1,1,0,0,0
7942,Exception occurred. Please try again: No se pudo dividir en texto el documento ./docs/ReglamentoConvivencia_7942.pdf,Exception occurred. Please try again: No se pudo dividir en texto el documento ./docs/ReglamentoConvivencia_7942.pdf,Exception occurred. Please try again: No se pudo dividir en texto el documento ./docs/ReglamentoConvivencia_7942.pdf,Exception occurred. Please try again: No se pudo dividir en texto el documento ./docs/ReglamentoConvivencia_7942.pdf,Exception occurred. Please try again: No se pudo dividir en texto el documento ./docs/ReglamentoConvivencia_7942.pdf,Exception occurred. Please try again: No se pudo dividir en texto el documento ./docs/ReglamentoConvivencia_7942.pdf,Exception occurred. Please try again: No se pudo dividir en texto el documento ./docs/ReglamentoConvivencia_7942.pdf,Exception occurred. Please try again: No se pudo dividir en texto el documento ./docs/ReglamentoConvivencia_7942.pdf,Exception occurred. Please try again: No se pudo dividir en texto el documento ./docs/ReglamentoConvivencia_7942.pdf,Exception occurred. Please try again: No se pudo dividir en texto el documento ./docs/ReglamentoConvivencia_7942.pdf
14237,0,1,1,1,1,1,1,0,0,0
8822,0,1,0,1,1,0,0,0,0,0
14375,0,1,1,1,1,0,1,1,0,0
7639,0,0,0,1,0,1,1,0,0,0
12605,0,0,1,1,0,1,0,0,0,0
17908,0,1,0,1,1,1,1,0,0,0
17734,0,1,1,0,1,1,1,0,0,0
25781,0,1,1,1,1,1,0,0,0,0
9660,0,1,0,1,1,1,0,1,0,0
1393,0,0,0,1,0,0,0,0,0,0
25525,0,1,1,1,1,1,1,0,0,0
211,0,1,1,0,1,1,1,0,0,0
9150,0,0,0,0,0,1,0,1,0,0
1738,0,1,1,0,1,1,1,0,0,0
22505,0,0,0,0,0,0,0,0,0,0
8629,0,1,1,0,1,0,0,0,0,1
14233,0,1,1,1,1,1,0,0,0,0
7202,0,1,1,1,1,1,1,0,0,0
14671,0,1,1,1,1,1,0,1,0,0
14565,0,1,0,0,1,0,0,0,0,1
15820,0,0,0,0,0,0,0,0,0,0
8835,0,1,1,1,1,0,0,0,0,0
9406,0,0,1,0,0,1,1,1,0,0
6835,0,0,0,0,0,0,0,0,0,0
15787,1,1,0,0,1,1,0,0,0,0
3730,0,1,1,0,1,1,1,0,0,0
14819,0,1,0,0,1,0,0,0,0,1
12309,0,1,1,1,1,1,1,1,0,1
350,1,1,0,0,1,1,0,0,0,0
103,0,0,0,0,0,1,0,0,0,0
10158,0,1,0,1,1,1,1,0,0,0
535,0,1,1,1,1,1,1,1,0,1
14537,1,1,1,0,1,0,1,1,0,0
24240,0,1,1,0,1,1,1,0,0,0
2400,0,1,1,0,1,1,1,0,0,0
10632,0,0,1,0,1,1,0,0,0,0
766,0,1,1,1,1,1,1,0,0,0
17703,0,1,0,1,1,0,0,0,0,0
24438,0,1,0,1,1,1,1,0,0,1
4530,0,1,1,1,1,1,1,0,0,0
14373,0,1,0,1,1,1,1,0,0,0
4733,0,1,1,0,1,1,1,0,0,0
16441,0,1,1,0,1,1,0,1,0,0
22602,0,0,1,0,1,1,0,0,0,0
18220,0,0,0,0,0,1,1,1,0,0
10915,0,1,1,1,1,1,1,1,0,0
19968,0,1,0,0,1,1,0,1,0,0
9910,0,1,1,1,1,1,1,0,0,0
16485,0,1,1,0,1,1,0,0,0,1
2326,0,1,1,1,1,1,0,0,0,0
6336,0,0,0,0,1,1,0,0,0,0
4140,0,1,0,1,1,1,1,0,0,0
646,0,1,1,1,1,1,1,0,0,0
25386,0,0,0,1,0,0,1,1,0,0
8811,0,1,1,1,1,1,1,0,0,0
10187,0,1,1,0,1,1,0,0,0,0
4778,0,1,0,0,1,1,0,0,0,0
9208,0,0,1,0,1,1,0,0,0,1
20129,0,0,0,0,0,0,0,0,0,0
144,0,1,0,0,1,0,0,0,0,0
31071,0,1,1,1,1,1,0,0,0,0
20260,0,1,1,1,1,0,1,0,0,0
8339,0,0,0,0,0,1,0,0,0,0
4277,0,0,0,0,0,0,0,1,1,0
22218,0,1,1,0,1,1,1,1,0,0
8331,0,0,0,0,0,1,0,0,0,0
15627,0,1,1,1,1,1,0,0,0,0
19922,0,0,0,0,0,1,0,0,0,0
22086,0,0,0,1,0,1,0,0,0,0
22461,0,0,0,1,0,1,0,0,0,0
26080,0,1,1,0,1,1,0,0,0,0
26381,0,1,1,0,0,1,0,0,0,0
8972,1,1,1,0,0,1,0,1,0,0
1657,0,1,1,0,1,1,0,0,0,0
25402,0,1,0,1,1,1,0,1,0,0
31110,0,1,1,0,1,1,0,0,0,0
31042,1,1,1,0,1,1,0,0,0,0
24721,0,1,1,1,1,1,1,0,0,0
8902,1,1,1,1,1,1,1,0,0,0
6836,0,0,0,1,0,1,0,0,0,0
8904,0,1,1,0,1,1,0,0,0,0
10512,0,1,1,0,1,1,1,0,0,0
22403,0,0,0,0,0,1,0,0,0,0
14913,0,1,1,1,1,1,1,0,0,0
12094,1,1,1,1,1,1,0,1,0,0
366,0,0,0,1,0,1,0,0,0,0
25894,0,1,1,1,1,1,0,0,0,0
8872,0,1,1,1,1,1,0,1,0,0
329,1,1,1,1,1,1,0,0,0,0
22692,1,1,1,0,1,1,0,0,0,0
17877,0,1,0,1,1,1,1,1,0,0
3298,1,1,0,0,1,0,0,0,0,0
14508,0,0,1,0,0,1,0,0,0,0
14299,0,1,1,0,1,1,0,0,0,0
1796,0,1,1,1,1,1,0,1,0,0
26328,1,1,1,1,1,1,0,0,0,0
22467,0,1,0,1,1,1,0,0,0,0
337,1,1,1,1,1,1,1,0,1,0
8365,0,1,0,0,1,1,0,0,0,0
11430,0,1,1,1,1,1,1,0,0,0
9244,0,0,0,0,0,0,0,0,0,0
4785,0,0,0,1,0,0,0,0,0,0
17893,0,0,0,0,1,1,0,0,0,0
25666,Exception occurred. Please try again: File path ./docs/ReglamentoConvivencia_25666.pdf is not a valid file or url,Exception occurred. Please try again: File path ./docs/ReglamentoConvivencia_25666.pdf is not a valid file or url,Exception occurred. Please try again: File path ./docs/ReglamentoConvivencia_25666.pdf is not a valid file or url,Exception occurred. Please try again: File path ./docs/ReglamentoConvivencia_25666.pdf is not a valid file or url,Exception occurred. Please try again: File path ./docs/ReglamentoConvivencia_25666.pdf is not a valid file or url,Exception occurred. Please try again: File path ./docs/ReglamentoConvivencia_25666.pdf is not a valid file or url,Exception occurred. Please try again: File path ./docs/ReglamentoConvivencia_25666.pdf is not a valid file or url,Exception occurred. Please try again: File path ./docs/ReglamentoConvivencia_25666.pdf is not a valid file or url,Exception occurred. Please try again: File path ./docs/ReglamentoConvivencia_25666.pdf is not a valid file or url,Exception occurred. Please try again: File path ./docs/ReglamentoConvivencia_25666.pdf is not a valid file or url
26238,0,1,1,0,1,1,1,1,0,0
25650,0,0,0,1,1,1,0,0,0,0
17794,0,0,0,0,1,0,0,0,0,0
356,0,1,1,1,1,1,1,1,0,0
8849,1,0,0,0,1,0,0,0,0,0
26135,0,1,0,0,1,1,1,0,0,0
8998,0,0,0,1,0,1,0,0,0,0
40125,0,0,1,1,1,1,0,0,0,0
2355,0,1,0,1,1,1,0,0,0,0
9484,0,1,0,0,1,1,0,1,0,0
67,0,1,1,1,1,1,0,0,0,0
25328,0,1,0,1,0,0,0,0,0,0
1776,1,1,1,0,1,1,0,0,0,0
24762,0,1,0,0,1,1,0,0,0,0
8892,1,1,1,0,0,1,0,0,0,0
12502,Exception occurred. Please try again: File path ./docs/ReglamentoConvivencia_12502.pdf is not a valid file or url,Exception occurred. Please try again: File path ./docs/ReglamentoConvivencia_12502.pdf is not a valid file or url,Exception occurred. Please try again: File path ./docs/ReglamentoConvivencia_12502.pdf is not a valid file or url,Exception occurred. Please try again: File path ./docs/ReglamentoConvivencia_12502.pdf is not a valid file or url,Exception occurred. Please try again: File path ./docs/ReglamentoConvivencia_12502.pdf is not a valid file or url,Exception occurred. Please try again: File path ./docs/ReglamentoConvivencia_12502.pdf is not a valid file or url,Exception occurred. Please try again: File path ./docs/ReglamentoConvivencia_12502.pdf is not a valid file or url,Exception occurred. Please try again: File path ./docs/ReglamentoConvivencia_12502.pdf is not a valid file or url,Exception occurred. Please try again: File path ./docs/ReglamentoConvivencia_12502.pdf is not a valid file or url,Exception occurred. Please try again: File path ./docs/ReglamentoConvivencia_12502.pdf is not a valid file or url
9267,0,1,1,0,1,0,1,0,0,0
24699,0,1,1,1,1,1,1,0,0,0
25704,0,0,0,1,0,1,1,1,0,0
17708,0,1,1,0,1,1,0,1,0,0
13330,0,1,1,0,1,1,1,0,0,0
13125,0,1,0,0,1,1,1,0,0,0
4689,0,0,0,1,0,1,1,0,0,0
12963,0,0,0,1,1,0,1,0,0,0
17900,0,1,1,1,1,1,0,1,0,0
13300,0,1,1,0,1,0,0,0,0,0
14260,0,1,1,0,1,1,0,0,0,0
26367,0,1,1,1,1,1,0,0,0,0
16627,0,1,1,1,1,1,0,0,0,0
25278,0,1,1,0,1,1,1,0,0,0
8828,0,1,1,1,1,1,0,0,0,0
40299,1,1,1,1,1,1,1,0,0,0
25916,0,1,0,1,1,1,0,0,0,0
26399,0,1,0,1,1,1,0,0,0,0
8367,0,0,0,0,0,0,0,0,0,0
24801,0,1,0,1,1,1,0,0,0,0
5083,0,1,1,1,1,1,0,0,0,0
25249,Exception occurred. Please try again: File path ./docs/ReglamentoConvivencia_25249.pdf is not a valid file or url,Exception occurred. Please try again: File path ./docs/ReglamentoConvivencia_25249.pdf is not a valid file or url,Exception occurred. Please try again: File path ./docs/ReglamentoConvivencia_25249.pdf is not a valid file or url,Exception occurred. Please try again: File path ./docs/ReglamentoConvivencia_25249.pdf is not a valid file or url,Exception occurred. Please try again: File path ./docs/ReglamentoConvivencia_25249.pdf is not a valid file or url,Exception occurred. Please try again: File path ./docs/ReglamentoConvivencia_25249.pdf is not a valid file or url,Exception occurred. Please try again: File path ./docs/ReglamentoConvivencia_25249.pdf is not a valid file or url,Exception occurred. Please try again: File path ./docs/ReglamentoConvivencia_25249.pdf is not a valid file or url,Exception occurred. Please try again: File path ./docs/ReglamentoConvivencia_25249.pdf is not a valid file or url,Exception occurred. Please try again: File path ./docs/ReglamentoConvivencia_25249.pdf is not a valid file or url
19972,0,1,1,0,1,1,1,0,0,1
24927,0,1,1,1,1,1,1,1,0,0
25852,0,1,1,0,1,1,0,1,0,0
20400,0,0,0,0,0,0,0,0,0,0
12829,0,1,1,0,1,1,0,0,0,0
11766,0,1,0,0,1,0,1,0,0,0
15564,1,1,0,0,1,0,1,0,0,0
14420,0,1,1,0,1,0,0,0,0,0
14381,0,1,1,1,1,1,1,0,0,0
20502,0,0,0,0,0,0,0,0,0,0
10615,Exception occurred. Please try again: File path ./docs/ReglamentoConvivencia_10615.pdf is not a valid file or url,Exception occurred. Please try again: File path ./docs/ReglamentoConvivencia_10615.pdf is not a valid file or url,Exception occurred. Please try again: File path ./docs/ReglamentoConvivencia_10615.pdf is not a valid file or url,Exception occurred. Please try again: File path ./docs/ReglamentoConvivencia_10615.pdf is not a valid file or url,Exception occurred. Please try again: File path ./docs/ReglamentoConvivencia_10615.pdf is not a valid file or url,Exception occurred. Please try again: File path ./docs/ReglamentoConvivencia_10615.pdf is not a valid file or url,Exception occurred. Please try again: File path ./docs/ReglamentoConvivencia_10615.pdf is not a valid file or url,Exception occurred. Please try again: File path ./docs/ReglamentoConvivencia_10615.pdf is not a valid file or url,Exception occurred. Please try again: File path ./docs/ReglamentoConvivencia_10615.pdf is not a valid file or url,Exception occurred. Please try again: File path ./docs/ReglamentoConvivencia_10615.pdf is not a valid file or url
25153,0,1,1,1,1,1,1,1,0,1
10723,0,0,0,0,0,0,0,0,0,0
12667,0,1,0,1,1,1,0,0,0,0
14699,0,1,1,0,1,1,1,1,0,0
24690,0,1,1,1,0,0,0,0,0,0
3720,0,1,0,1,1,1,1,0,0,0
12720,1,1,1,1,1,1,0,0,0,0
25224,1,0,0,0,1,0,0,0,0,0
9317,1,1,1,1,1,1,1,0,0,0
40231,0,0,0,1,0,0,1,0,0,0
7706,0,1,0,0,1,1,0,1,0,0
16843,0,1,1,1,1,1,1,1,0,0
9340,0,1,1,0,1,1,1,0,0,0
12864,0,0,0,1,0,1,0,0,0,0
8821,0,1,1,1,1,1,1,1,0,0
24305,0,1,1,1,1,0,0,0,0,0
9250,0,1,1,1,1,1,1,0,1,0
568,0,1,1,1,1,1,1,1,0,0
590,1,1,0,0,1,0,0,0,0,0
25138,0,1,1,0,1,1,1,0,0,0
25196,0,0,1,0,1,1,0,0,0,0
17607,0,1,1,1,1,1,0,0,0,0
8944,0,1,1,1,1,1,1,0,0,0
13313,0,1,0,0,1,0,0,0,0,0
25714,0,0,0,0,1,0,0,1,0,0
25508,0,1,1,1,1,0,1,0,0,0
16489,1,1,1,1,1,0,1,1,0,0
25692,0,0,0,0,1,1,0,0,0,0
7707,0,1,1,1,1,1,1,0,1,0
25434,0,1,1,0,1,1,0,0,0,0
25482,0,0,0,1,0,0,0,0,0,0
22536,0,0,0,0,0,1,0,0,0,0
25048,0,1,1,0,1,1,0,1,0,0
15576,0,1,1,1,1,0,1,0,0,0
581,0,0,0,0,1,1,0,1,0,1
10513,0,1,1,0,1,1,0,0,0,0
9509,0,1,1,0,1,1,1,0,0,0
9237,0,1,1,0,1,1,1,1,0,0
16476,0,0,1,0,1,1,0,0,0,0
9373,1,1,1,0,1,1,1,0,0,0
25439,0,1,1,1,1,1,0,0,0,0
25602,0,1,1,0,1,1,0,1,0,0
342,0,1,1,1,1,1,0,0,0,0
8757,0,1,1,0,1,1,0,0,0,0
5659,0,0,0,0,0,1,0,0,0,0
9960,0,1,1,0,1,1,1,1,0,0
26046,0,0,0,1,0,1,0,0,0,0
12980,0,1,1,1,1,0,1,1,0,0
479,0,1,1,1,1,1,1,1,0,0
25625,0,0,1,0,0,1,0,0,0,1
8974,0,1,0,0,1,1,0,0,0,0
10503,0,1,1,1,1,1,0,0,0,0
15510,0,0,0,0,0,1,1,0,0,0
25342,0,0,0,0,0,1,0,0,0,0
9185,0,1,0,0,1,1,1,0,0,0
25001,0,1,1,0,1,1,0,0,0,0
24319,0,1,1,0,1,0,0,0,0,0
31290,1,1,1,1,1,1,0,1,0,0
24884,0,1,1,1,1,1,0,0,0,0
25238,0,0,0,0,0,0,0,0,0,0
8969,0,1,1,1,1,1,1,0,1,0
8919,0,1,1,0,1,1,1,1,0,0
26507,0,1,1,1,1,1,1,0,0,0
25919,1,1,1,0,1,0,1,0,0,0
31040,0,0,0,0,0,1,0,0,0,0
20665,0,0,1,0,1,1,1,0,0,0
9758,0,0,1,0,0,1,0,0,0,0
5465,0,1,1,1,1,1,0,1,0,1
31264,0,1,0,1,1,1,0,1,0,0
41617,0,1,1,1,1,1,1,0,0,0
5150,0,1,0,0,0,0,0,0,0,0
8909,0,0,1,0,0,0,0,0,0,0
25310,0,1,0,1,1,1,0,0,0,0
9239,Exception occurred. Please try again: File path ./docs/ReglamentoConvivencia_9239.pdf is not a valid file or url,Exception occurred. Please try again: File path ./docs/ReglamentoConvivencia_9239.pdf is not a valid file or url,Exception occurred. Please try again: File path ./docs/ReglamentoConvivencia_9239.pdf is not a valid file or url,Exception occurred. Please try again: File path ./docs/ReglamentoConvivencia_9239.pdf is not a valid file or url,Exception occurred. Please try again: File path ./docs/ReglamentoConvivencia_9239.pdf is not a valid file or url,Exception occurred. Please try again: File path ./docs/ReglamentoConvivencia_9239.pdf is not a valid file or url,Exception occurred. Please try again: File path ./docs/ReglamentoConvivencia_9239.pdf is not a valid file or url,Exception occurred. Please try again: File path ./docs/ReglamentoConvivencia_9239.pdf is not a valid file or url,Exception occurred. Please try again: File path ./docs/ReglamentoConvivencia_9239.pdf is not a valid file or url,Exception occurred. Please try again: File path ./docs/ReglamentoConvivencia_9239.pdf is not a valid file or url
4646,0,1,0,1,1,1,0,0,0,1
9771,0,0,0,0,1,1,0,1,0,0
9249,0,0,1,1,1,0,1,0,0,0
9722,0,1,1,1,0,1,0,0,0,0
8984,0,1,1,0,1,1,1,0,0,0
2789,1,1,1,1,1,0,0,0,0,0
20601,Exception occurred. Please try again: File path ./docs/ReglamentoConvivencia_20601.pdf is not a valid file or url,Exception occurred. Please try again: File path ./docs/ReglamentoConvivencia_20601.pdf is not a valid file or url,Exception occurred. Please try again: File path ./docs/ReglamentoConvivencia_20601.pdf is not a valid file or url,Exception occurred. Please try again: File path ./docs/ReglamentoConvivencia_20601.pdf is not a valid file or url,Exception occurred. Please try again: File path ./docs/ReglamentoConvivencia_20601.pdf is not a valid file or url,Exception occurred. Please try again: File path ./docs/ReglamentoConvivencia_20601.pdf is not a valid file or url,Exception occurred. Please try again: File path ./docs/ReglamentoConvivencia_20601.pdf is not a valid file or url,Exception occurred. Please try again: File path ./docs/ReglamentoConvivencia_20601.pdf is not a valid file or url,Exception occurred. Please try again: File path ./docs/ReglamentoConvivencia_20601.pdf is not a valid file or url,Exception occurred. Please try again: File path ./docs/ReglamentoConvivencia_20601.pdf is not a valid file or url
257,Exception occurred. Please try again: File path ./docs/ReglamentoConvivencia_257.pdf is not a valid file or url,Exception occurred. Please try again: File path ./docs/ReglamentoConvivencia_257.pdf is not a valid file or url,Exception occurred. Please try again: File path ./docs/ReglamentoConvivencia_257.pdf is not a valid file or url,Exception occurred. Please try again: File path ./docs/ReglamentoConvivencia_257.pdf is not a valid file or url,Exception occurred. Please try again: File path ./docs/ReglamentoConvivencia_257.pdf is not a valid file or url,Exception occurred. Please try again: File path ./docs/ReglamentoConvivencia_257.pdf is not a valid file or url,Exception occurred. Please try again: File path ./docs/ReglamentoConvivencia_257.pdf is not a valid file or url,Exception occurred. Please try again: File path ./docs/ReglamentoConvivencia_257.pdf is not a valid file or url,Exception occurred. Please try again: File path ./docs/ReglamentoConvivencia_257.pdf is not a valid file or url,Exception occurred. Please try again: File path ./docs/ReglamentoConvivencia_257.pdf is not a valid file or url
11678,0,1,0,0,1,0,0,0,0,0
25202,0,1,1,1,0,1,0,0,0,0
20137,0,1,1,1,1,1,0,0,0,0
14334,1,1,1,0,1,1,0,1,0,0
17600,0,0,0,0,0,1,0,0,0,0
1919,0,1,1,1,1,1,1,0,0,0
10042,0,1,1,0,1,1,1,0,0,0
582,0,1,0,0,1,0,0,1,0,0
10058,0,1,1,0,1,0,0,0,0,0
25348,0,1,0,0,1,1,0,0,0,0
25766,0,1,1,1,1,1,0,0,0,0
25829,0,0,0,0,0,0,0,0,0,0
10724,1,1,1,0,1,0,0,0,0,0
26503,1,1,0,1,1,0,1,0,0,1
11103,0,1,1,0,1,0,0,0,0,0
1909,0,0,0,0,0,1,0,0,0,0
24648,0,1,1,1,1,1,1,0,0,0
13324,0,1,0,1,1,1,0,0,0,0
9937,0,0,1,0,1,1,1,0,0,0
25454,0,0,0,1,0,1,0,0,0,0
15554,0,1,1,0,1,1,0,0,0,0
8914,0,1,0,0,1,1,0,0,0,0
26411,0,1,0,1,1,1,0,0,0,0
25826,0,0,1,0,1,0,0,0,0,0
1757,0,1,1,1,1,1,1,1,0,0
17605,1,1,0,0,1,0,0,0,0,0
4286,0,1,1,1,1,1,1,0,0,0
31419,0,1,1,0,1,1,0,0,0,0
16427,0,1,1,1,1,1,0,0,0,0
8833,0,1,1,1,1,1,0,0,0,0
25558,0,1,1,1,1,1,0,0,0,0
24798,0,0,0,0,0,1,0,0,0,0
20519,1,1,1,0,1,0,1,0,0,0
585,0,1,1,0,1,1,1,0,1,0
8905,Exception occurred. Please try again: File path ./docs/ReglamentoConvivencia_8905.pdf is not a valid file or url,Exception occurred. Please try again: File path ./docs/ReglamentoConvivencia_8905.pdf is not a valid file or url,Exception occurred. Please try again: File path ./docs/ReglamentoConvivencia_8905.pdf is not a valid file or url,Exception occurred. Please try again: File path ./docs/ReglamentoConvivencia_8905.pdf is not a valid file or url,Exception occurred. Please try again: File path ./docs/ReglamentoConvivencia_8905.pdf is not a valid file or url,Exception occurred. Please try again: File path ./docs/ReglamentoConvivencia_8905.pdf is not a valid file or url,Exception occurred. Please try again: File path ./docs/ReglamentoConvivencia_8905.pdf is not a valid file or url,Exception occurred. Please try again: File path ./docs/ReglamentoConvivencia_8905.pdf is not a valid file or url,Exception occurred. Please try again: File path ./docs/ReglamentoConvivencia_8905.pdf is not a valid file or url,Exception occurred. Please try again: File path ./docs/ReglamentoConvivencia_8905.pdf is not a valid file or url
22210,0,1,1,1,1,1,1,0,0,1
22398,0,0,0,0,0,0,0,0,0,0
14428,0,0,0,0,0,0,0,0,0,0
18237,0,0,0,0,0,0,0,0,0,0
14280,0,1,1,0,1,1,1,0,0,0
987,0,1,1,0,1,0,0,0,0,0
14901,0,0,0,0,0,0,1,0,0,0
22231,0,1,1,1,1,1,1,1,0,0
11812,0,1,0,0,1,1,0,0,0,0
25695,0,1,1,0,1,1,1,0,0,0
24826,0,1,0,0,1,1,0,0,0,0
20299,Exception occurred. Please try again: File path ./docs/ReglamentoConvivencia_20299.pdf is not a valid file or url,Exception occurred. Please try again: File path ./docs/ReglamentoConvivencia_20299.pdf is not a valid file or url,Exception occurred. Please try again: File path ./docs/ReglamentoConvivencia_20299.pdf is not a valid file or url,Exception occurred. Please try again: File path ./docs/ReglamentoConvivencia_20299.pdf is not a valid file or url,Exception occurred. Please try again: File path ./docs/ReglamentoConvivencia_20299.pdf is not a valid file or url,Exception occurred. Please try again: File path ./docs/ReglamentoConvivencia_20299.pdf is not a valid file or url,Exception occurred. Please try again: File path ./docs/ReglamentoConvivencia_20299.pdf is not a valid file or url,Exception occurred. Please try again: File path ./docs/ReglamentoConvivencia_20299.pdf is not a valid file or url,Exception occurred. Please try again: File path ./docs/ReglamentoConvivencia_20299.pdf is not a valid file or url,Exception occurred. Please try again: File path ./docs/ReglamentoConvivencia_20299.pdf is not a valid file or url
8854,0,0,0,1,0,0,1,0,0,0
11157,0,0,0,0,1,1,0,0,0,0
9570,0,1,1,1,1,1,0,0,0,0
8992,0,0,1,0,0,1,1,1,1,0
6118,0,1,1,1,1,1,0,0,0,0
19981,0,1,0,0,1,1,1,1,0,0
15700,0,1,0,1,1,1,0,0,0,0
7416,0,0,0,1,0,0,0,0,0,0
31294,0,1,1,0,1,1,0,1,0,0
16978,0,1,1,1,1,1,0,0,0,0
11035,0,1,0,1,1,1,1,1,0,0
9038,Exception occurred. Please try again: File path ./docs/ReglamentoConvivencia_9038.pdf is not a valid file or url,Exception occurred. Please try again: File path ./docs/ReglamentoConvivencia_9038.pdf is not a valid file or url,Exception occurred. Please try again: File path ./docs/ReglamentoConvivencia_9038.pdf is not a valid file or url,Exception occurred. Please try again: File path ./docs/ReglamentoConvivencia_9038.pdf is not a valid file or url,Exception occurred. Please try again: File path ./docs/ReglamentoConvivencia_9038.pdf is not a valid file or url,Exception occurred. Please try again: File path ./docs/ReglamentoConvivencia_9038.pdf is not a valid file or url,Exception occurred. Please try again: File path ./docs/ReglamentoConvivencia_9038.pdf is not a valid file or url,Exception occurred. Please try again: File path ./docs/ReglamentoConvivencia_9038.pdf is not a valid file or url,Exception occurred. Please try again: File path ./docs/ReglamentoConvivencia_9038.pdf is not a valid file or url,Exception occurred. Please try again: File path ./docs/ReglamentoConvivencia_9038.pdf is not a valid file or url
26137,0,1,1,1,1,1,1,0,0,0
13149,0,0,0,1,1,1,0,1,0,0
14775,0,1,1,0,1,1,0,0,0,0
357,0,1,1,1,1,1,1,1,0,0
132,0,1,1,1,1,1,0,1,0,1
10900,0,1,1,0,1,1,1,1,0,0
1777,0,1,1,0,1,1,0,0,0,0
17812,0,1,1,1,1,1,1,0,0,0
9003,0,1,1,1,1,1,0,0,0,0
8995,1,1,0,0,1,1,0,0,0,0
10772,0,0,0,0,0,1,0,0,0,0
9767,0,1,1,1,1,0,1,0,0,0
13360,0,1,1,1,1,1,0,0,1,0
24671,Exception occurred. Please try again: File path ./docs/ReglamentoConvivencia_24671.pdf is not a valid file or url,Exception occurred. Please try again: File path ./docs/ReglamentoConvivencia_24671.pdf is not a valid file or url,Exception occurred. Please try again: File path ./docs/ReglamentoConvivencia_24671.pdf is not a valid file or url,Exception occurred. Please try again: File path ./docs/ReglamentoConvivencia_24671.pdf is not a valid file or url,Exception occurred. Please try again: File path ./docs/ReglamentoConvivencia_24671.pdf is not a valid file or url,Exception occurred. Please try again: File path ./docs/ReglamentoConvivencia_24671.pdf is not a valid file or url,Exception occurred. Please try again: File path ./docs/ReglamentoConvivencia_24671.pdf is not a valid file or url,Exception occurred. Please try again: File path ./docs/ReglamentoConvivencia_24671.pdf is not a valid file or url,Exception occurred. Please try again: File path ./docs/ReglamentoConvivencia_24671.pdf is not a valid file or url,Exception occurred. Please try again: File path ./docs/ReglamentoConvivencia_24671.pdf is not a valid file or url
24409,0,1,1,1,1,1,0,0,0,0
20445,1,1,1,0,1,1,1,0,0,0
9907,0,1,1,0,1,1,1,0,0,1
8759,0,0,0,0,0,1,0,0,0,0
12851,0,1,1,0,1,1,0,0,0,0
8950,0,1,1,0,1,1,0,0,0,0
3308,0,1,0,0,1,0,0,0,0,0
31175,0,1,0,0,0,1,0,0,0,0
40042,0,1,1,0,1,1,1,0,0,0
25143,0,1,1,0,1,1,1,0,0,1
9356,1,1,1,1,1,1,0,0,0,0
5266,0,1,1,0,1,1,0,0,0,0
14902,0,1,1,0,1,1,0,0,0,0
18172,0,1,0,1,1,1,0,0,1,0
14783,0,1,0,0,1,1,1,0,0,1
9362,0,0,1,1,1,1,0,0,0,0
7717,0,0,0,0,1,1,0,0,0,0
25739,0,0,0,1,0,1,0,0,0,0
17855,0,1,1,1,1,1,0,1,0,0
20181,0,1,1,1,1,0,1,1,0,0
26268,Exception occurred. Please try again: File path ./docs/ReglamentoConvivencia_26268.pdf is not a valid file or url,Exception occurred. Please try again: File path ./docs/ReglamentoConvivencia_26268.pdf is not a valid file or url,Exception occurred. Please try again: File path ./docs/ReglamentoConvivencia_26268.pdf is not a valid file or url,Exception occurred. Please try again: File path ./docs/ReglamentoConvivencia_26268.pdf is not a valid file or url,Exception occurred. Please try again: File path ./docs/ReglamentoConvivencia_26268.pdf is not a valid file or url,Exception occurred. Please try again: File path ./docs/ReglamentoConvivencia_26268.pdf is not a valid file or url,Exception occurred. Please try again: File path ./docs/ReglamentoConvivencia_26268.pdf is not a valid file or url,Exception occurred. Please try again: File path ./docs/ReglamentoConvivencia_26268.pdf is not a valid file or url,Exception occurred. Please try again: File path ./docs/ReglamentoConvivencia_26268.pdf is not a valid file or url,Exception occurred. Please try again: File path ./docs/ReglamentoConvivencia_26268.pdf is not a valid file or url
20436,0,0,0,0,0,1,0,0,0,0
14912,0,0,1,1,1,1,1,1,0,0
22351,0,1,0,1,1,1,1,0,0,1
12838,0,0,0,1,0,1,0,0,1,0
591,0,1,1,1,1,1,0,0,0,0
127,0,0,1,0,1,0,0,0,0,0
9228,0,1,1,0,1,1,0,0,0,0
25520,0,0,0,0,0,1,1,0,0,0
12509,0,1,0,1,1,1,0,0,0,0
14657,0,1,1,0,1,0,1,0,0,0
16815,0,1,1,1,1,1,1,0,0,0
1937,0,1,1,0,1,1,1,0,0,0
8921,0,1,1,1,1,1,1,0,0,0
3433,0,1,1,0,1,1,1,1,0,1
12295,0,0,0,0,0,0,0,0,0,0
4679,0,0,0,0,0,1,0,0,0,0
14707,0,1,1,1,1,1,1,0,0,0
24224,0,1,0,0,1,1,1,0,0,0
25332,0,1,0,0,1,0,1,0,0,0
8877,0,1,1,1,1,1,1,1,0,0
11871,0,0,1,0,1,1,0,0,0,0
8761,0,1,1,1,1,1,1,1,0,0
24912,1,1,0,0,1,0,0,0,0,0
8754,0,1,1,1,1,1,0,1,0,0
24944,0,1,0,0,1,1,0,0,0,0
17657,0,1,1,1,1,1,1,0,0,0
12265,0,1,1,1,1,1,1,0,0,0
17788,0,1,1,1,1,1,1,0,0,0
25713,1,1,1,0,1,0,0,1,0,0
20308,0,1,1,0,1,1,0,0,0,0
8750,0,1,0,0,1,1,0,0,0,0
9054,0,1,1,0,1,1,0,0,1,0
30001,0,1,1,1,1,1,1,0,0,0
25693,1,1,0,0,1,0,0,0,0,0
8755,0,1,1,0,1,0,0,0,0,0
31271,0,1,1,1,1,0,1,0,0,0
1641,0,1,1,0,1,1,1,1,0,0
1750,0,1,0,0,1,1,0,0,0,0
22029,1,0,0,0,0,0,0,0,0,0
133,0,0,0,0,1,1,0,0,0,0
40251,0,0,0,0,0,1,0,0,0,0
1775,0,0,0,0,0,1,0,0,0,0
17719,0,0,0,1,0,1,1,1,0,0
583,0,1,1,1,1,1,1,0,0,0
17793,0,1,0,1,1,1,0,0,0,0
26260,0,1,1,1,1,1,1,0,0,1
31130,0,1,1,1,1,1,0,0,0,0
2166,0,1,1,1,1,1,1,0,0,0
25718,0,1,1,1,1,1,0,0,0,0
9051,0,1,1,1,1,1,1,0,0,0
130,0,1,0,1,1,1,1,1,0,0
14476,0,1,1,0,1,1,1,1,0,0
9151,0,1,1,1,1,0,0,0,0,0
41556,0,1,0,0,1,1,0,0,0,1
13190,0,0,0,0,0,1,0,1,0,0
24670,0,1,0,0,1,1,1,0,0,0
9396,0,0,0,1,0,0,1,0,0,0
8724,0,1,1,1,1,1,1,0,0,0
5814,0,1,1,1,1,1,1,0,0,0
9504,0,1,1,1,1,1,0,0,0,0
8455,0,1,1,1,1,1,0,0,0,0
8634,0,1,1,1,1,1,0,0,0,0
10777,0,1,1,1,1,1,0,0,0,0
10610,0,1,1,0,1,1,0,0,0,0
3012,0,1,0,1,1,1,0,0,0,1
24317,0,1,1,0,1,0,1,0,0,0
2356,0,1,0,1,1,1,0,0,0,0
4762,0,1,1,1,1,1,0,0,0,0
1631,0,1,1,1,1,1,0,0,0,0
1291,0,1,0,0,0,1,0,0,0,0
364,0,1,0,1,1,1,0,0,0,0
4694,0,1,0,0,1,1,0,0,0,0
16509,1,1,1,0,1,1,0,0,0,0
12032,0,1,1,0,1,0,0,1,0,0
24491,0,1,1,1,1,1,0,0,0,0
126,0,1,1,0,1,1,1,1,0,1
25897,0,1,1,0,1,1,1,1,0,0
10524,0,0,0,0,0,1,0,0,0,0
20064,0,0,1,1,1,1,0,0,0,0
9705,0,0,0,0,0,0,0,0,0,0
9664,0,1,1,1,1,1,0,0,0,1
7543,0,1,1,0,1,0,0,0,0,0
8417,0,0,0,0,0,1,1,0,0,0
11339,0,0,0,0,0,1,0,0,0,0
1543,1,1,1,0,1,1,0,1,0,1
5106,0,1,1,0,1,1,0,1,0,0
9869,0,1,1,1,1,1,0,0,0,0
227,0,1,1,1,1,1,0,0,0,0
9870,0,0,0,1,1,1,0,0,0,0
3666,1,1,1,1,1,1,0,0,0,0
25365,0,0,0,0,0,0,0,0,0,0
9165,0,1,0,0,1,1,0,0,0,0
3349,0,1,1,0,1,0,1,0,0,0
2014,0,0,0,0,1,1,0,0,0,0
12023,0,0,0,0,0,1,1,0,0,0
8690,0,1,0,0,1,0,0,0,0,0
22493,0,1,1,1,1,1,1,1,0,0
680,0,1,1,1,1,1,0,0,0,1
12058,0,1,1,1,1,1,1,0,0,1
123,0,0,0,0,0,1,1,0,0,0
1245,0,1,1,1,1,1,0,0,0,0
5396,0,1,1,0,1,1,1,0,0,0
24893,0,1,0,0,1,1,0,0,0,0
10409,1,1,1,0,0,0,0,0,0,0
4626,0,0,0,0,0,0,0,0,0,0
407,0,0,0,0,0,0,0,0,0,1
15608,0,1,1,0,1,1,1,0,0,0
5508,0,1,1,0,1,1,1,0,0,0
1447,0,0,0,0,0,0,0,0,0,0
14639,0,1,1,1,1,1,1,0,0,0
16624,0,0,0,0,0,1,0,0,0,0
25573,0,1,0,1,0,1,0,0,0,0
11147,0,0,0,0,0,0,0,0,0,0
9721,0,1,1,0,1,0,1,1,0,1
10465,0,1,1,1,1,1,1,0,0,1
9333,1,1,0,1,1,0,0,0,0,0
5896,1,1,1,0,1,1,0,0,0,0
5675,0,1,1,1,1,1,1,0,0,0
2223,0,1,1,1,1,1,0,0,0,0
625,0,0,0,1,0,0,1,1,0,0
9609,0,0,1,0,0,1,1,0,0,0
6780,0,0,0,1,0,0,0,1,0,1
1853,0,1,1,0,1,1,1,0,0,0
9612,0,1,1,0,1,1,1,0,0,0
1868,1,1,1,0,1,0,0,1,0,0
9715,0,1,0,1,1,1,0,0,0,0
620,0,1,0,0,1,0,0,0,0,0
4968,0,0,0,0,0,0,0,0,0,0
10113,0,0,0,0,0,1,0,0,0,0
17840,0,0,1,0,0,0,0,0,0,0
1339,0,0,0,0,1,0,0,0,0,1
11952,0,1,0,0,1,0,0,0,0,0
9458,0,0,0,0,0,1,0,0,0,0
2457,0,0,1,0,0,0,0,0,0,0
8728,1,1,1,1,1,1,0,1,0,0
5668,0,1,1,0,1,1,0,0,0,0
1268,0,0,0,0,1,1,1,0,0,0
18021,0,1,0,1,1,1,0,0,0,0
14719,0,1,0,1,1,0,1,0,0,0
5407,0,0,0,0,0,1,0,0,0,0
1718,0,1,0,1,1,0,1,0,0,1
9533,0,1,1,1,1,1,0,1,0,0
7404,0,1,1,0,1,1,0,1,0,0
7825,0,1,0,0,1,1,0,0,0,0
6337,0,1,1,0,1,1,0,0,0,0
6305,0,1,1,1,1,1,0,0,0,1
1553,0,1,0,0,1,0,0,0,0,0
4734,0,0,0,0,1,1,0,0,0,0
10785,0,1,1,0,1,1,0,1,0,0
4713,0,1,1,1,1,0,0,0,0,0
1873,0,1,1,1,1,0,0,0,0,0
296,0,1,0,0,1,1,0,0,0,0
8384,0,1,0,0,1,1,0,0,0,0
10290,0,0,0,0,1,0,0,0,0,0
3249,0,1,0,0,1,0,0,0,0,0
5827,0,1,1,0,1,1,1,0,0,0
9611,0,1,1,0,1,1,0,0,1,0
13518,0,1,0,0,1,1,1,0,0,0
13566,0,1,1,0,1,1,1,0,0,0
8556,0,0,1,0,1,1,0,0,0,0
4809,0,0,1,1,0,1,1,0,0,0
2220,0,1,1,1,1,0,0,0,0,0
1554,1,1,0,1,1,0,0,0,0,0
10142,1,1,1,1,1,1,0,0,0,0
22476,0,1,0,0,1,0,0,0,0,0
666,0,1,1,1,1,1,1,0,0,0
2981,0,0,1,0,1,1,1,1,0,0
10840,0,1,0,1,1,1,1,0,0,0
11909,1,1,1,0,1,0,1,0,0,0
1716,0,0,1,0,0,1,1,0,0,0
24401,0,1,1,1,1,1,1,0,0,0
9720,0,1,0,0,1,0,0,0,1,0
8376,0,1,1,0,1,1,0,0,0,1
26450,1,1,0,0,1,0,0,0,0,0
1384,0,0,1,1,1,1,0,0,0,0
2456,1,0,1,1,1,1,1,0,0,0
4730,0,0,1,1,1,1,1,0,1,0
718,Exception occurred. Please try again: No se pudo dividir en texto el documento ./docs/ReglamentoConvivencia_718.pdf,Exception occurred. Please try again: No se pudo dividir en texto el documento ./docs/ReglamentoConvivencia_718.pdf,Exception occurred. Please try again: No se pudo dividir en texto el documento ./docs/ReglamentoConvivencia_718.pdf,Exception occurred. Please try again: No se pudo dividir en texto el documento ./docs/ReglamentoConvivencia_718.pdf,Exception occurred. Please try again: No se pudo dividir en texto el documento ./docs/ReglamentoConvivencia_718.pdf,Exception occurred. Please try again: No se pudo dividir en texto el documento ./docs/ReglamentoConvivencia_718.pdf,Exception occurred. Please try again: No se pudo dividir en texto el documento ./docs/ReglamentoConvivencia_718.pdf,Exception occurred. Please try again: No se pudo dividir en texto el documento ./docs/ReglamentoConvivencia_718.pdf,Exception occurred. Please try again: No se pudo dividir en texto el documento ./docs/ReglamentoConvivencia_718.pdf,Exception occurred. Please try again: No se pudo dividir en texto el documento ./docs/ReglamentoConvivencia_718.pdf
26250,0,0,1,1,1,1,1,0,0,0
24803,0,0,0,0,0,1,1,0,0,0
2234,0,1,1,0,1,1,0,0,0,0
2209,0,1,1,1,1,0,0,0,0,0
8450,0,1,1,1,1,0,0,0,0,0
1892,0,1,1,0,1,1,1,0,0,0
672,0,0,0,0,1,1,0,0,0,0
20162,0,1,0,1,0,1,1,1,0,0
1340,1,1,1,0,1,1,1,0,0,0
25845,0,0,0,0,0,0,0,0,0,0
25078,0,0,0,0,0,0,0,0,0,0
2008,0,0,1,1,1,1,0,0,0,0
4955,0,1,1,0,1,0,0,0,0,0
3549,0,1,1,0,1,1,0,0,0,1
16428,0,1,1,0,1,1,0,0,0,0
716,0,1,1,1,1,1,0,0,0,0
3297,1,1,1,0,1,1,0,0,0,0
10157,0,1,0,0,1,1,1,0,0,0
8256,0,1,1,0,1,1,0,0,0,0
25933,0,1,1,1,1,1,1,1,0,0
11744,0,1,0,0,1,1,0,0,0,0
10844,0,1,1,1,1,1,1,0,0,0
5582,0,1,1,1,1,1,0,0,0,1
10462,0,1,1,1,1,1,0,0,0,0
13,0,0,0,0,0,0,1,0,0,0
2310,0,0,0,0,0,0,0,0,0,0
10400,0,1,1,0,1,1,1,1,0,1
13138,1,1,1,1,1,1,1,1,0,0
9676,0,0,0,0,0,1,0,0,0,0
3258,0,1,1,1,1,1,1,0,0,0
450,0,0,1,0,1,1,0,0,0,1
10306,0,1,1,0,1,1,0,0,1,0
13560,0,1,0,0,1,0,0,0,1,0
4985,0,0,0,0,0,0,0,0,0,0
22333,0,0,1,1,0,1,1,0,0,0
11845,0,1,1,0,1,1,1,1,0,0
14396,0,0,0,1,1,0,1,0,0,1
22230,0,1,1,0,1,0,0,0,0,0
6932,0,1,0,0,1,1,0,0,0,1
2735,0,0,0,0,1,0,0,0,0,0
5919,0,1,1,0,1,1,0,0,0,0
9597,0,0,0,0,1,0,0,0,0,1
22327,0,0,0,0,0,1,0,0,0,0
5046,0,0,0,0,0,1,0,1,0,0
2021,0,1,0,1,1,1,0,0,0,0
714,0,1,1,1,0,1,0,0,0,0
10586,0,1,1,1,1,1,1,0,1,0
11795,0,0,1,1,0,1,1,0,0,1
8435,0,1,1,0,1,1,0,0,0,0
6121,0,0,0,1,1,1,0,0,0,0
322,0,0,1,1,1,1,1,0,0,0
1540,0,0,0,1,0,1,0,0,0,1
12942,0,1,0,1,1,1,0,0,0,0
540,0,1,1,1,1,1,1,0,0,1
713,0,0,1,1,0,1,0,0,0,0
25808,0,1,0,0,1,0,0,0,0,0
3017,0,1,1,1,1,1,1,0,0,0
2978,0,0,1,0,1,1,1,1,0,0
10117,1,1,1,0,0,1,1,0,0,1
10099,0,1,1,1,1,1,0,0,0,0
10291,0,1,0,0,0,1,0,1,0,0
10754,0,1,1,0,1,0,1,0,0,0
3398,1,1,1,1,1,1,1,1,0,1
12113,0,0,0,1,1,0,0,0,0,1
10578,0,1,1,0,1,1,0,0,0,0
9307,0,1,1,0,1,1,1,0,0,0
4185,1,1,0,0,1,1,0,0,0,0
10488,0,1,1,0,1,1,0,0,0,1
4831,0,1,0,0,1,1,0,0,0,0
10742,0,1,1,0,1,1,1,0,0,0
9875,0,0,1,1,0,1,0,0,0,0
10089,0,0,0,1,1,1,0,0,0,0
4841,0,1,0,0,1,0,0,0,0,0
1279,1,1,0,1,1,0,0,1,0,0
14482,0,1,1,1,1,1,0,0,0,0
7016,0,1,0,0,1,1,0,0,0,0
3664,0,1,1,0,1,1,0,0,0,0
1431,0,1,1,0,1,1,0,0,0,0
10121,0,1,0,1,1,1,0,0,0,1
1699,1,1,1,1,0,1,1,0,0,0
3435,0,1,1,1,1,1,1,0,0,0
1538,0,0,0,0,0,0,1,0,0,0
26235,0,0,0,0,0,0,0,0,0,0
22561,1,1,1,1,1,1,1,1,0,0
1557,0,0,0,0,0,1,0,0,0,0
9702,0,1,1,1,1,1,1,0,0,0
2461,1,1,1,1,1,1,0,0,0,1
2942,0,0,0,0,0,1,1,1,0,0
10324,1,1,0,1,1,1,1,0,0,0
1548,0,0,0,0,1,1,0,0,0,0
1474,0,1,0,0,1,0,0,0,0,1
18147,0,1,1,1,1,0,1,0,0,0
1732,0,1,1,1,1,1,0,1,0,0
15755,0,0,0,0,0,0,0,0,0,0
20435,0,0,0,0,0,1,0,1,0,0
204,0,1,1,0,1,1,1,0,0,0
10288,0,1,1,0,1,0,1,0,0,0
10103,0,0,1,1,1,1,0,0,0,0
10285,0,0,1,0,1,1,1,0,0,0
18012,0,1,0,0,0,1,0,0,0,0
10173,0,1,1,0,1,1,1,0,0,0
2715,0,1,1,0,1,1,1,0,0,0
3207,0,0,0,0,0,0,1,0,0,0
2957,0,1,1,1,1,1,0,0,0,0
9850,1,1,1,1,1,1,1,0,0,0
4595,0,1,1,0,1,1,0,0,0,0
9616,0,1,1,0,1,1,0,0,0,1
31462,0,1,0,0,1,1,1,0,0,0
416,0,1,0,0,1,1,1,1,0,1
10143,0,0,0,0,1,1,0,0,0,0
22105,0,1,1,1,1,1,1,1,0,1
1170,0,0,0,1,0,1,0,0,0,0
519,1,1,1,1,1,1,1,0,1,0
1571,0,1,1,0,1,0,0,0,0,0
454,0,1,1,1,1,1,1,0,0,0
4808,0,0,1,0,0,1,0,0,0,0
1568,0,1,0,1,1,0,0,0,0,0
12122,0,0,0,0,1,1,0,1,1,0
9512,0,0,0,0,0,1,0,1,0,0
2955,0,1,0,0,1,0,0,1,0,0
7434,0,1,0,0,1,1,0,0,0,0
3250,0,0,0,1,0,0,0,0,0,0
11998,0,1,0,1,0,1,0,0,0,0
8388,0,1,1,1,1,0,1,0,0,1
5087,0,0,0,0,0,1,1,0,0,0
11472,0,0,0,0,1,1,1,0,0,0
16569,0,0,0,0,0,1,0,0,0,0
10430,0,1,1,0,1,1,0,0,0,0
2839,0,1,1,1,1,1,0,1,0,0
2749,0,0,1,0,0,0,0,0,0,0
22608,1,1,1,1,1,1,0,0,0,0
9429,0,1,1,0,1,1,1,0,0,0
122,0,0,0,1,0,0,0,1,0,0
710,0,1,1,1,1,1,1,0,0,0
6765,0,1,1,1,1,1,0,0,0,0
9653,0,1,0,0,1,0,0,0,0,1
1573,0,0,1,1,1,1,1,0,1,0
5442,0,1,0,0,1,0,0,0,0,0
26249,0,0,0,1,1,1,1,0,1,0
293,0,0,1,0,1,0,0,1,0,0
25314,0,1,1,1,1,1,1,1,0,0
5614,0,1,0,1,1,1,0,1,0,1
22430,1,1,0,1,1,1,1,0,0,0
487,0,1,1,1,1,0,0,0,0,0
7647,0,1,0,1,0,1,1,0,0,0
12076,0,1,1,1,1,1,1,1,0,0
706,0,1,0,0,1,1,0,0,0,0
1266,0,1,1,0,1,1,0,0,0,1
14602,0,1,0,0,1,1,0,0,0,0
10561,1,1,1,1,1,1,1,0,0,0
7419,0,1,0,0,1,0,0,1,0,0
11323,0,0,0,1,0,0,0,0,0,0
1701,0,0,1,0,0,1,1,0,0,0
7634,0,0,0,0,0,1,1,0,0,0
4410,0,1,0,0,1,0,0,0,0,0
1200,0,1,1,1,1,1,1,0,0,0
24236,0,0,0,0,0,1,0,0,0,0
22558,0,1,1,1,1,1,1,1,0,0
10085,0,1,1,1,1,1,1,0,0,0
10109,0,0,0,0,1,0,0,0,0,0
1210,0,0,1,1,1,1,1,1,1,0
3395,0,1,1,1,1,1,0,0,0,0
25423,0,1,1,0,1,1,1,0,0,0
2286,0,1,1,1,1,1,1,0,0,1
25315,0,0,0,0,0,0,0,0,0,0
10403,1,1,0,1,1,1,0,0,0,0
1696,0,1,1,0,1,1,0,1,0,0
25014,Exception occurred. Please try again: No se pudo dividir en texto el documento ./docs/ReglamentoConvivencia_25014.pdf,Exception occurred. Please try again: No se pudo dividir en texto el documento ./docs/ReglamentoConvivencia_25014.pdf,Exception occurred. Please try again: No se pudo dividir en texto el documento ./docs/ReglamentoConvivencia_25014.pdf,Exception occurred. Please try again: No se pudo dividir en texto el documento ./docs/ReglamentoConvivencia_25014.pdf,Exception occurred. Please try again: No se pudo dividir en texto el documento ./docs/ReglamentoConvivencia_25014.pdf,Exception occurred. Please try again: No se pudo dividir en texto el documento ./docs/ReglamentoConvivencia_25014.pdf,Exception occurred. Please try again: No se pudo dividir en texto el documento ./docs/ReglamentoConvivencia_25014.pdf,Exception occurred. Please try again: No se pudo dividir en texto el documento ./docs/ReglamentoConvivencia_25014.pdf,Exception occurred. Please try again: No se pudo dividir en texto el documento ./docs/ReglamentoConvivencia_25014.pdf,Exception occurred. Please try again: No se pudo dividir en texto el documento ./docs/ReglamentoConvivencia_25014.pdf
3166,0,0,0,0,1,0,0,0,0,0
10264,0,1,0,0,0,0,0,0,0,0
1337,0,1,0,0,1,0,0,0,0,0
24722,0,1,1,0,0,0,0,0,0,0
9304,0,0,1,0,1,1,1,0,0,0
11792,0,1,1,1,1,1,0,0,0,0
370,Exception occurred. Please try again: No se pudo dividir en texto el documento ./docs/ReglamentoConvivencia_370.pdf,Exception occurred. Please try again: No se pudo dividir en texto el documento ./docs/ReglamentoConvivencia_370.pdf,Exception occurred. Please try again: No se pudo dividir en texto el documento ./docs/ReglamentoConvivencia_370.pdf,Exception occurred. Please try again: No se pudo dividir en texto el documento ./docs/ReglamentoConvivencia_370.pdf,Exception occurred. Please try again: No se pudo dividir en texto el documento ./docs/ReglamentoConvivencia_370.pdf,Exception occurred. Please try again: No se pudo dividir en texto el documento ./docs/ReglamentoConvivencia_370.pdf,Exception occurred. Please try again: No se pudo dividir en texto el documento ./docs/ReglamentoConvivencia_370.pdf,Exception occurred. Please try again: No se pudo dividir en texto el documento ./docs/ReglamentoConvivencia_370.pdf,Exception occurred. Please try again: No se pudo dividir en texto el documento ./docs/ReglamentoConvivencia_370.pdf,Exception occurred. Please try again: No se pudo dividir en texto el documento ./docs/ReglamentoConvivencia_370.pdf
10476,1,1,1,0,1,1,1,1,1,1
1168,0,0,0,0,0,1,1,0,0,0
9710,0,1,0,0,0,1,0,0,0,0
17698,0,0,0,1,0,0,1,0,0,1
9639,1,1,0,0,1,1,0,0,0,0
11837,0,1,1,1,1,1,1,1,0,0
406,0,0,1,1,1,1,1,1,0,0
1248,0,0,0,0,0,0,0,0,0,0
18123,0,0,1,0,1,1,0,0,0,0
7638,0,1,0,1,1,1,1,0,0,0
5993,0,1,1,1,1,1,0,1,0,0
10124,0,1,1,1,1,1,1,0,0,0
2750,0,1,1,1,1,1,0,0,0,0
15570,0,0,0,0,1,0,0,0,0,0
9121,0,1,0,1,1,1,0,1,0,0
9734,0,1,1,1,0,1,1,0,0,1
15632,0,1,0,0,1,1,0,1,0,1
10704,0,0,0,0,0,1,0,0,0,0
1899,0,1,0,1,1,0,0,0,0,0
4960,0,1,1,0,1,1,1,0,0,0
618,0,1,1,1,1,1,1,0,0,0
1598,0,1,1,0,1,1,0,1,0,1
31430,0,0,1,0,1,0,0,0,0,0
7348,0,1,1,0,1,1,0,0,0,0
2748,0,1,0,0,1,1,0,0,0,0
8519,0,1,1,1,1,0,1,0,0,0
11394,0,0,0,0,0,1,0,0,0,0
4448,0,0,0,0,0,1,0,0,0,0
6502,0,1,1,0,1,0,0,0,0,0
11223,0,0,0,0,1,1,0,1,1,0
9729,0,1,1,1,1,1,0,0,0,0
22420,0,1,1,0,1,1,1,0,0,0
22532,0,1,0,1,1,1,0,0,0,1
10425,0,1,1,1,1,1,0,0,0,0
6762,0,0,0,0,0,1,0,1,0,0
12079,0,1,1,0,1,1,0,0,0,0
326,0,1,1,0,1,1,0,0,0,0
10790,0,1,1,0,1,1,1,0,1,0
2330,0,0,0,1,1,0,0,0,0,0
9110,0,0,1,0,0,1,0,0,0,0
25157,1,1,0,1,0,1,1,0,0,0
17930,0,0,0,0,1,0,0,1,0,0
10738,0,1,0,1,1,1,1,1,1,1
1491,1,0,0,0,1,1,0,0,0,0
17,0,0,0,0,0,0,1,0,0,0
8046,0,0,0,1,1,0,0,0,0,0
4750,0,0,1,1,0,0,1,0,0,0
1567,0,1,1,1,1,1,1,1,0,0
10125,0,1,1,0,1,1,1,0,0,0
10090,0,1,0,0,1,1,0,0,0,1
2423,0,1,1,1,1,1,1,0,0,1
5694,0,1,1,0,1,0,0,0,0,0
9994,0,0,0,0,0,0,1,0,0,0
24508,0,0,0,0,0,1,0,0,0,0
13539,0,0,0,1,1,1,0,1,0,0
6917,0,1,1,1,1,1,1,0,0,0
848,0,0,1,0,0,0,0,0,0,0
10459,0,0,1,1,1,1,1,0,1,0
25287,0,0,0,1,0,0,0,0,0,0
1125,0,0,0,0,0,0,0,0,0,0
20186,0,1,1,0,1,0,0,0,0,0
1692,0,0,1,1,0,1,1,0,0,0
9718,0,1,0,0,1,1,0,0,0,0
4615,0,1,0,1,0,1,0,0,0,0
14212,0,1,1,1,1,1,1,0,0,0
10257,0,0,0,1,0,1,0,0,0,0
25431,0,1,1,0,1,1,0,0,0,0
5683,0,1,1,1,1,1,1,0,0,0
16518,0,1,1,0,1,1,0,0,0,0
10581,0,1,1,1,1,0,1,0,0,0
4840,0,1,1,0,1,0,1,0,0,1
1246,0,0,0,0,0,1,0,0,0,0
3546,0,0,0,0,1,1,1,1,0,0
324,0,1,0,0,1,1,0,0,0,0
10555,0,1,1,1,0,1,1,0,0,0
803,0,0,0,0,0,1,0,0,0,0
9363,0,1,1,0,1,1,0,0,0,0
9144,0,1,0,0,1,1,0,0,0,1
9142,0,0,1,1,1,1,0,0,0,0
6090,0,1,1,1,1,1,0,0,0,0
9740,0,1,1,1,1,1,1,0,0,0
3169,0,1,1,0,1,1,0,0,0,0
2714,0,0,0,1,0,0,1,0,0,0
22519,0,0,0,1,0,1,0,0,0,0
5091,0,0,0,0,0,0,0,0,0,0
7336,1,1,1,0,1,0,0,0,0,0
4956,0,1,1,0,1,1,1,0,0,0
5604,0,1,1,0,1,1,1,0,0,0
6420,0,0,0,0,0,1,0,0,0,0
13512,0,1,0,1,1,1,0,0,0,1
8678,1,1,0,1,1,1,0,0,0,0
13467,0,0,0,0,0,1,0,0,0,0
289,0,0,0,0,0,1,0,0,0,0
4179,1,1,1,0,1,1,0,0,0,0
10116,0,1,1,1,1,1,0,0,0,1
24445,0,0,1,0,1,1,1,0,0,0
31016,0,1,0,0,1,1,0,0,0,0
19923,0,0,0,0,0,1,0,0,0,0
10202,0,1,1,0,1,1,1,0,0,0
5606,0,0,0,0,0,0,0,1,0,0
6920,0,1,0,0,1,1,0,0,0,0
10102,0,0,1,0,0,1,1,1,0,0
10081,0,0,0,1,0,1,0,0,1,0
14678,0,1,1,0,0,1,0,0,0,0
1966,0,0,1,1,1,1,0,0,0,0
4334,0,1,0,0,0,1,1,0,0,0
5284,0,1,0,0,1,0,0,0,0,0
25225,0,1,1,1,0,1,1,0,0,1
708,0,1,1,1,1,1,1,0,0,0
2883,0,1,0,0,1,0,1,1,0,1
1807,Exception occurred. Please try again: No se pudo dividir en texto el documento ./docs/ReglamentoConvivencia_1807.pdf,Exception occurred. Please try again: No se pudo dividir en texto el documento ./docs/ReglamentoConvivencia_1807.pdf,Exception occurred. Please try again: No se pudo dividir en texto el documento ./docs/ReglamentoConvivencia_1807.pdf,Exception occurred. Please try again: No se pudo dividir en texto el documento ./docs/ReglamentoConvivencia_1807.pdf,Exception occurred. Please try again: No se pudo dividir en texto el documento ./docs/ReglamentoConvivencia_1807.pdf,Exception occurred. Please try again: No se pudo dividir en texto el documento ./docs/ReglamentoConvivencia_1807.pdf,Exception occurred. Please try again: No se pudo dividir en texto el documento ./docs/ReglamentoConvivencia_1807.pdf,Exception occurred. Please try again: No se pudo dividir en texto el documento ./docs/ReglamentoConvivencia_1807.pdf,Exception occurred. Please try again: No se pudo dividir en texto el documento ./docs/ReglamentoConvivencia_1807.pdf,Exception occurred. Please try again: No se pudo dividir en texto el documento ./docs/ReglamentoConvivencia_1807.pdf
4481,0,1,1,0,1,0,0,0,0,0
12728,0,0,0,0,0,0,0,0,0,0
25466,0,0,0,0,1,0,0,0,0,0
3672,0,0,1,0,0,0,0,0,0,0
722,0,0,1,0,1,1,1,0,0,0
313,0,1,1,1,1,1,0,0,0,0
9368,0,1,0,0,1,1,0,0,0,0
10712,0,1,0,1,1,0,0,1,0,0
10000,0,0,0,0,0,1,0,0,0,0
11838,0,1,1,0,1,1,1,0,0,0
20427,0,0,0,0,1,1,0,0,0,0
9714,0,1,0,0,1,0,0,0,0,0
11715,0,1,1,0,1,0,0,0,0,0
10570,0,0,0,0,1,1,0,0,0,0
5346,0,1,0,0,1,0,1,0,0,0
1087,0,0,0,0,1,1,0,0,0,0
4834,0,1,1,1,1,1,0,0,0,0
20119,0,0,1,0,1,0,0,1,0,0
111,0,1,1,0,1,0,1,1,0,0
22,0,1,0,1,1,1,0,0,0,0
1526,0,1,1,1,1,1,0,0,0,0
4974,0,0,0,1,0,1,0,0,0,0
9098,0,0,0,0,0,0,0,1,0,0
1759,0,1,0,0,1,1,0,0,0,0
10590,0,1,1,0,1,1,0,0,0,0
9418,0,1,0,0,1,0,0,0,0,0
1274,0,0,1,1,1,1,1,0,0,0
4586,0,1,1,0,1,1,0,0,0,0
12330,0,1,1,0,1,1,0,0,0,1
25186,0,1,1,0,1,1,0,0,0,0
7648,Exception occurred. Please try again: No se pudo dividir en texto el documento ./docs/ReglamentoConvivencia_7648.pdf,Exception occurred. Please try again: No se pudo dividir en texto el documento ./docs/ReglamentoConvivencia_7648.pdf,Exception occurred. Please try again: No se pudo dividir en texto el documento ./docs/ReglamentoConvivencia_7648.pdf,Exception occurred. Please try again: No se pudo dividir en texto el documento ./docs/ReglamentoConvivencia_7648.pdf,Exception occurred. Please try again: No se pudo dividir en texto el documento ./docs/ReglamentoConvivencia_7648.pdf,Exception occurred. Please try again: No se pudo dividir en texto el documento ./docs/ReglamentoConvivencia_7648.pdf,Exception occurred. Please try again: No se pudo dividir en texto el documento ./docs/ReglamentoConvivencia_7648.pdf,Exception occurred. Please try again: No se pudo dividir en texto el documento ./docs/ReglamentoConvivencia_7648.pdf,Exception occurred. Please try again: No se pudo dividir en texto el documento ./docs/ReglamentoConvivencia_7648.pdf,Exception occurred. Please try again: No se pudo dividir en texto el documento ./docs/ReglamentoConvivencia_7648.pdf
2745,0,1,0,0,1,0,0,0,0,0
2488,0,1,0,1,1,0,0,1,0,1
10571,0,0,0,0,0,0,0,0,0,0
1394,0,1,1,0,1,1,1,1,0,0
4569,0,1,1,1,1,0,1,0,0,0
9727,0,1,1,0,1,1,1,0,0,0
10338,0,1,1,0,1,1,0,0,0,1
13167,0,1,1,1,0,1,1,0,0,1
40423,0,0,0,1,0,1,1,1,0,0
9308,0,0,0,0,1,0,0,0,0,0
10159,0,1,1,0,1,0,1,0,0,0
9201,0,1,1,0,1,1,0,0,1,0
2300,0,0,1,0,1,1,1,0,0,0
10569,0,0,0,0,0,0,0,0,0,0
9882,0,1,1,1,0,1,1,0,0,1
24318,0,1,0,1,0,1,1,0,0,0
4177,0,1,1,1,1,1,0,0,0,0
2135,0,1,1,1,1,1,0,0,0,0
298,Exception occurred. Please try again: No se pudo dividir en texto el documento ./docs/ReglamentoConvivencia_298.pdf,Exception occurred. Please try again: No se pudo dividir en texto el documento ./docs/ReglamentoConvivencia_298.pdf,Exception occurred. Please try again: No se pudo dividir en texto el documento ./docs/ReglamentoConvivencia_298.pdf,Exception occurred. Please try again: No se pudo dividir en texto el documento ./docs/ReglamentoConvivencia_298.pdf,Exception occurred. Please try again: No se pudo dividir en texto el documento ./docs/ReglamentoConvivencia_298.pdf,Exception occurred. Please try again: No se pudo dividir en texto el documento ./docs/ReglamentoConvivencia_298.pdf,Exception occurred. Please try again: No se pudo dividir en texto el documento ./docs/ReglamentoConvivencia_298.pdf,Exception occurred. Please try again: No se pudo dividir en texto el documento ./docs/ReglamentoConvivencia_298.pdf,Exception occurred. Please try again: No se pudo dividir en texto el documento ./docs/ReglamentoConvivencia_298.pdf,Exception occurred. Please try again: No se pudo dividir en texto el documento ./docs/ReglamentoConvivencia_298.pdf
1693,0,0,0,1,1,1,1,0,0,0
4994,0,0,0,0,0,1,0,0,0,0
14351,0,1,1,0,1,1,1,0,0,0
40073,0,1,0,0,1,1,0,0,0,0
10087,0,1,1,0,1,1,0,0,0,0
671,0,1,1,1,1,1,0,0,0,0
9592,0,1,1,1,1,1,0,0,0,0
897,1,1,1,1,1,1,0,0,0,0
7459,0,0,0,1,0,1,0,0,0,0
10267,0,0,0,1,1,1,0,0,0,1
6461,0,1,0,0,1,1,0,0,0,0
650,0,1,1,1,1,0,1,0,0,0
7710,0,1,1,0,1,1,0,0,0,0
9424,0,0,0,1,0,1,0,0,0,0
24883,0,0,1,1,0,1,1,0,0,0
114,0,1,1,0,1,1,0,0,0,1
10421,0,1,1,0,1,1,1,0,0,0
12632,0,1,1,0,1,1,1,0,0,0
5690,0,0,1,0,0,1,0,0,0,0
12105,1,1,1,1,1,1,0,0,0,1
13463,0,1,0,0,0,1,0,1,0,1
10205,0,0,1,1,1,1,1,0,0,0
16589,0,0,0,0,0,1,0,1,0,0
1269,0,0,1,0,0,1,0,0,1,0
9588,0,0,0,0,0,1,0,0,0,0
4000,0,1,1,1,1,1,0,0,0,0
10550,0,0,0,1,0,1,1,0,0,0
1528,0,0,1,0,0,0,1,0,0,0
11741,0,1,1,1,1,1,0,1,0,0
14672,0,1,1,0,1,1,0,0,0,0
1678,0,1,1,1,1,0,1,1,0,0
7958,0,0,1,0,0,1,0,0,0,0
16444,0,1,1,1,1,1,0,0,0,0
22339,0,1,0,1,0,1,0,0,0,0
10420,1,1,1,0,1,0,0,0,0,0
4454,0,0,0,0,0,0,0,0,0,0
303,0,1,1,0,1,1,0,0,0,0
6117,0,0,1,1,0,1,0,0,0,0
1352,0,0,1,0,1,0,0,0,0,0
10080,0,1,0,0,1,1,0,0,0,0
16690,0,1,0,0,1,1,0,0,0,0
5719,0,1,1,0,1,1,1,1,0,0
10268,0,1,1,1,1,1,0,0,0,0
24960,0,0,0,1,0,1,0,0,0,0
1247,0,1,1,0,1,1,1,0,0,0
22646,0,1,1,0,1,1,0,1,0,0
523,0,1,1,0,1,1,0,0,1,0
1682,1,1,1,1,1,1,1,0,0,0
10219,1,1,0,0,1,0,0,0,0,1
10270,0,0,1,0,1,1,0,0,0,1
7238,0,1,1,1,1,1,0,0,0,0
11746,0,1,1,0,1,1,1,0,1,0
712,0,0,1,0,0,0,0,1,0,0
9886,0,1,0,0,1,1,0,0,0,0
24302,0,1,1,1,1,1,1,0,0,0
4609,0,1,0,0,1,1,1,0,0,0
10152,Exception occurred. Please try again: File path ./docs/ReglamentoConvivencia_10152.pdf is not a valid file or url,Exception occurred. Please try again: File path ./docs/ReglamentoConvivencia_10152.pdf is not a valid file or url,Exception occurred. Please try again: File path ./docs/ReglamentoConvivencia_10152.pdf is not a valid file or url,Exception occurred. Please try again: File path ./docs/ReglamentoConvivencia_10152.pdf is not a valid file or url,Exception occurred. Please try again: File path ./docs/ReglamentoConvivencia_10152.pdf is not a valid file or url,Exception occurred. Please try again: File path ./docs/ReglamentoConvivencia_10152.pdf is not a valid file or url,Exception occurred. Please try again: File path ./docs/ReglamentoConvivencia_10152.pdf is not a valid file or url,Exception occurred. Please try again: File path ./docs/ReglamentoConvivencia_10152.pdf is not a valid file or url,Exception occurred. Please try again: File path ./docs/ReglamentoConvivencia_10152.pdf is not a valid file or url,Exception occurred. Please try again: File path ./docs/ReglamentoConvivencia_10152.pdf is not a valid file or url
22355,0,0,0,0,0,0,0,0,0,0
10359,0,0,0,0,0,1,0,0,0,1
10086,0,0,0,1,1,1,0,0,0,0
305,0,1,1,1,1,1,0,0,0,0
4777,0,1,0,1,1,0,1,1,0,0
10740,0,0,1,0,0,1,0,0,0,0
25173,1,1,1,0,1,0,0,0,0,0
22390,0,1,1,1,1,1,1,0,0,0
14364,0,0,0,0,0,1,0,0,0,0
9948,0,1,1,0,1,1,1,0,0,0
3667,0,0,0,0,1,1,0,0,0,0
2966,0,0,0,0,1,1,0,1,0,0
25539,0,1,0,0,1,1,1,0,0,0
9345,0,1,1,0,1,1,0,0,0,0
3292,0,1,0,1,1,0,1,0,0,1
5016,0,0,0,1,0,1,0,0,0,0
4810,0,0,0,0,1,1,0,0,0,0
25568,0,1,1,1,1,1,0,0,0,0
1683,0,0,0,1,0,1,1,1,0,0
3115,0,0,0,0,1,1,0,0,0,0
3112,0,1,0,0,1,1,0,0,0,0
2304,0,0,1,0,0,0,0,0,0,0
3555,0,0,0,0,0,0,0,0,0,0
2390,0,0,0,0,1,1,1,0,0,0
6060,0,1,1,0,1,1,0,0,1,0
2476,0,1,0,0,1,0,0,0,0,0
20285,0,1,1,0,0,1,0,0,0,0
2682,0,1,1,1,1,1,0,1,0,1
2576,0,0,0,1,0,0,0,0,0,0
5152,0,1,0,0,1,1,0,0,0,0
2868,0,1,0,0,1,1,0,0,0,1
5745,0,1,1,0,1,1,0,0,0,0
3067,0,1,0,1,1,0,0,0,0,0
2307,0,1,1,0,1,1,1,0,0,0
5781,0,1,1,0,1,1,1,0,0,0
3912,0,1,0,1,1,1,0,0,0,0
3437,0,1,1,1,1,0,0,0,1,0
10435,0,1,1,1,0,1,0,0,0,0
3801,0,1,1,0,1,0,1,0,0,0
6137,0,0,0,0,0,1,0,0,0,0
730,0,1,1,1,1,1,0,0,0,0
7818,0,1,1,0,1,1,1,0,0,0
556,0,1,1,1,1,1,1,0,0,0
10688,0,1,1,0,1,1,1,0,0,0
3345,1,1,1,1,1,0,0,0,1,0
3554,0,1,1,0,1,1,1,0,0,0
2977,0,1,1,0,1,1,0,0,0,0
6211,Exception occurred. Please try again: No se pudo dividir en texto el documento ./docs/ReglamentoConvivencia_6211.pdf,Exception occurred. Please try again: No se pudo dividir en texto el documento ./docs/ReglamentoConvivencia_6211.pdf,Exception occurred. Please try again: No se pudo dividir en texto el documento ./docs/ReglamentoConvivencia_6211.pdf,Exception occurred. Please try again: No se pudo dividir en texto el documento ./docs/ReglamentoConvivencia_6211.pdf,Exception occurred. Please try again: No se pudo dividir en texto el documento ./docs/ReglamentoConvivencia_6211.pdf,Exception occurred. Please try again: No se pudo dividir en texto el documento ./docs/ReglamentoConvivencia_6211.pdf,Exception occurred. Please try again: No se pudo dividir en texto el documento ./docs/ReglamentoConvivencia_6211.pdf,Exception occurred. Please try again: No se pudo dividir en texto el documento ./docs/ReglamentoConvivencia_6211.pdf,Exception occurred. Please try again: No se pudo dividir en texto el documento ./docs/ReglamentoConvivencia_6211.pdf,Exception occurred. Please try again: No se pudo dividir en texto el documento ./docs/ReglamentoConvivencia_6211.pdf
2467,0,1,1,0,1,1,1,0,0,0
2901,0,0,1,0,1,1,1,0,0,0
3799,0,0,0,0,1,1,1,0,0,0
10797,0,0,0,0,0,1,0,0,0,0
3079,0,1,1,1,1,1,0,0,0,0
2389,0,1,1,1,1,1,1,0,0,0
13124,0,0,0,1,1,1,0,0,0,0
4817,0,0,1,0,1,1,0,0,0,0
3364,0,0,0,1,1,0,0,0,0,0
2542,1,1,1,1,1,1,0,1,0,0
4194,0,0,0,1,0,1,0,0,0,0
2627,0,1,1,0,1,1,0,0,0,1
7312,0,0,0,0,0,0,0,0,0,0
7242,0,1,1,0,1,1,1,0,0,0
1305,0,0,0,0,0,1,0,0,0,0
7136,0,0,0,0,0,1,0,0,0,0
7583,0,1,1,0,1,1,1,0,0,0
2539,0,1,1,1,1,1,1,0,0,0
7496,0,1,1,1,1,1,1,0,0,0
22433,0,1,1,1,0,1,0,0,0,0
3023,0,1,0,1,1,1,1,0,0,0
7962,0,0,0,0,0,0,0,0,1,0
1458,0,0,0,0,1,1,0,0,0,0
4359,1,1,0,1,1,0,0,0,0,0
2871,0,1,0,0,0,1,0,0,0,0
2320,0,1,1,0,1,1,0,0,0,0
910,0,1,1,1,1,1,0,0,0,0
3838,0,0,0,1,0,0,0,0,0,0
7510,0,1,0,0,1,1,0,0,0,0
5905,0,0,0,1,1,0,0,0,1,0
2816,0,1,1,0,1,1,0,1,0,0
4231,0,1,1,0,1,1,0,0,0,0
6389,0,1,1,0,1,1,1,0,0,0
6564,0,1,0,0,1,1,0,0,0,0
22408,0,1,1,0,1,1,0,0,1,1
6652,0,1,0,0,1,0,0,0,1,0
5778,0,0,1,0,0,1,0,0,0,0
7157,0,0,0,0,0,0,0,0,0,0
5208,0,0,0,0,1,1,0,0,0,0
2708,0,1,1,1,1,1,1,0,0,0
5634,0,1,1,1,0,1,0,0,0,0
2707,0,1,1,0,1,1,0,0,0,1
1287,0,1,1,0,1,1,1,0,0,1
3318,0,0,0,1,0,1,0,0,0,0
3139,0,1,1,0,1,1,0,0,0,0
5425,0,1,1,0,1,1,0,0,0,0
22253,0,0,1,1,0,1,1,0,0,0
3270,0,0,1,1,0,1,1,0,0,0
8211,0,1,1,0,1,1,0,0,0,0
1461,0,0,0,0,1,1,0,0,0,0
7977,0,1,0,0,1,1,1,1,0,0
7613,0,0,1,1,1,1,1,1,0,1
4076,0,1,1,0,1,0,1,1,0,0
7450,0,0,0,0,0,1,0,0,0,0
2859,0,1,1,1,1,1,1,1,0,0
2212,0,0,1,0,0,0,0,0,0,0
5737,0,1,1,0,1,1,0,0,0,0
3760,0,0,0,0,0,1,0,0,0,0
6876,0,1,1,0,1,1,0,0,0,1
10868,1,1,0,1,1,0,0,0,1,0
1285,0,1,1,0,1,1,0,0,0,1
4867,0,0,0,0,1,0,0,0,0,1
10675,0,1,0,0,1,1,1,0,0,0
4255,0,0,0,0,1,1,0,1,0,0
8289,0,0,0,0,1,0,0,0,1,0
7063,0,0,0,1,0,0,0,0,0,1
6347,0,0,0,1,1,0,0,1,0,0
3338,0,0,0,1,0,1,0,0,0,0
7479,0,0,0,0,0,0,0,0,0,0
7791,0,0,1,0,1,0,0,0,0,0
821,0,0,1,0,0,1,1,0,0,0
2843,0,1,1,0,1,1,1,0,0,0
8288,0,1,1,0,1,1,1,0,0,1
10537,0,1,0,0,1,1,0,1,0,0
6207,0,0,0,0,0,0,0,0,0,0
16456,0,1,0,0,1,0,0,0,0,0
3955,0,1,0,0,1,0,0,1,0,0
7125,0,0,0,0,0,1,0,0,0,0
20033,0,1,1,0,1,1,0,0,0,0
2761,0,0,0,1,0,1,0,0,0,0
20227,0,1,0,1,1,0,0,0,0,0
4070,0,1,0,0,1,0,0,0,0,0
476,0,0,0,0,0,0,0,0,0,0
187,0,1,0,0,1,0,0,0,0,1
1192,0,1,1,1,1,0,1,1,0,0
1235,0,0,0,0,0,0,0,0,0,0
2367,0,0,0,0,0,1,0,0,0,0
4311,0,0,0,0,0,1,0,0,0,0
2755,0,1,1,0,1,0,1,0,0,0
2500,1,1,0,1,1,1,0,0,0,0
10816,1,1,1,0,1,1,0,0,0,0
6381,0,0,1,1,1,1,0,0,0,0
22280,0,1,1,1,1,0,0,0,0,0
3382,0,1,1,1,1,1,0,0,0,0
13423,0,1,1,1,1,1,0,0,0,0
10864,0,0,0,0,1,1,1,0,0,0
7100,0,1,1,1,1,1,0,0,0,0
2410,0,1,0,0,1,0,0,0,0,1
2562,0,1,1,1,1,1,0,0,0,1
3381,0,0,0,0,0,1,0,0,0,0
3353,0,0,0,0,1,1,0,0,0,0
5210,0,1,1,0,1,1,1,0,0,0
3872,0,1,1,1,1,1,1,0,0,0
2763,0,0,0,1,1,1,0,0,0,0
3263,1,1,1,0,1,1,0,0,0,0
20084,0,1,1,0,1,1,0,0,0,0
5121,0,0,0,1,0,1,0,0,0,0
3468,0,1,1,0,1,1,0,0,0,0
22688,1,1,1,1,1,1,0,0,0,0
1856,0,1,1,1,1,0,0,0,0,0
3065,0,1,1,0,1,0,0,1,0,0
6718,0,1,1,0,1,1,0,0,0,0
10429,0,1,0,1,1,0,0,0,0,0
905,1,1,0,0,1,0,1,0,0,1
5854,0,0,1,1,1,1,0,0,0,0
7260,0,1,1,0,1,0,0,1,0,0
3037,0,0,0,0,0,0,0,0,0,0
2877,0,1,1,1,1,1,0,0,0,0
5329,0,1,0,0,1,1,0,0,0,1
12022,0,1,1,1,0,1,1,0,0,0
10706,1,1,0,1,1,1,0,0,0,0
5406,0,1,0,0,1,1,0,1,0,0
6200,0,0,1,0,1,1,0,0,0,0
2560,0,1,1,0,1,1,1,1,0,0
22489,0,0,0,0,0,0,0,0,0,0
5353,Exception occurred. Please try again: No se pudo dividir en texto el documento ./docs/ReglamentoConvivencia_5353.pdf,Exception occurred. Please try again: No se pudo dividir en texto el documento ./docs/ReglamentoConvivencia_5353.pdf,Exception occurred. Please try again: No se pudo dividir en texto el documento ./docs/ReglamentoConvivencia_5353.pdf,Exception occurred. Please try again: No se pudo dividir en texto el documento ./docs/ReglamentoConvivencia_5353.pdf,Exception occurred. Please try again: No se pudo dividir en texto el documento ./docs/ReglamentoConvivencia_5353.pdf,Exception occurred. Please try again: No se pudo dividir en texto el documento ./docs/ReglamentoConvivencia_5353.pdf,Exception occurred. Please try again: No se pudo dividir en texto el documento ./docs/ReglamentoConvivencia_5353.pdf,Exception occurred. Please try again: No se pudo dividir en texto el documento ./docs/ReglamentoConvivencia_5353.pdf,Exception occurred. Please try again: No se pudo dividir en texto el documento ./docs/ReglamentoConvivencia_5353.pdf,Exception occurred. Please try again: No se pudo dividir en texto el documento ./docs/ReglamentoConvivencia_5353.pdf
20029,0,1,1,0,1,1,0,0,0,0
3464,1,1,0,0,0,1,1,0,1,0
2365,0,0,0,0,1,1,0,0,1,0
13358,0,1,1,0,1,1,0,0,0,0
10674,1,1,0,0,1,0,0,0,0,0
5140,1,1,0,1,0,0,0,0,0,0
193,0,0,0,0,0,1,0,0,0,0
5053,0,0,1,1,1,0,0,0,0,0
2498,1,1,1,1,1,1,1,0,0,0
40078,0,1,1,0,1,1,1,0,0,0
11408,0,1,1,0,1,1,1,0,1,0
2386,0,1,1,1,1,1,1,0,0,0
20145,0,0,1,0,0,1,0,1,0,0
7679,0,0,0,0,0,1,0,0,0,0
5768,0,1,0,0,0,1,1,1,0,1
5875,0,0,1,1,1,1,0,0,0,0
5645,0,0,0,1,1,1,1,0,0,0
6082,0,1,1,0,1,1,0,0,0,0
7992,0,0,0,0,0,0,0,0,0,0
6692,0,1,1,0,0,0,0,0,0,0
2471,0,1,0,0,1,0,1,0,0,1
7464,0,1,0,0,0,0,0,0,0,0
2528,0,0,1,1,1,1,0,0,0,0
2301,0,1,1,1,1,1,1,0,0,0
822,0,1,1,1,1,1,1,0,0,0
5885,0,0,0,0,0,1,0,0,0,0
4029,1,1,0,1,1,1,0,0,0,0
7684,0,0,0,1,0,1,0,0,0,0
1304,0,0,0,1,1,0,0,0,0,1
7443,0,1,0,0,1,0,0,0,0,0
10135,0,1,1,1,1,1,1,0,0,1
3983,0,1,1,0,1,1,0,0,0,0
6029,0,0,0,0,1,0,0,0,0,0
937,0,1,1,0,1,0,0,0,1,0
3061,0,0,1,0,0,0,1,0,0,0
11886,0,1,0,1,1,1,0,0,0,0
602,0,0,0,1,0,1,1,1,0,0
6688,0,0,1,0,1,1,0,0,0,0
3269,0,1,1,1,1,1,0,0,0,0
2384,0,0,0,0,0,0,0,0,0,0
2986,0,1,0,0,0,1,1,1,0,0
5202,0,1,1,1,1,1,1,0,0,0
11714,0,0,0,1,0,0,0,0,0,0
8100,0,1,1,0,1,1,0,0,0,0
3782,0,1,1,1,1,1,1,0,0,0
20122,0,1,0,1,1,1,0,0,1,0
2236,0,0,0,0,0,0,0,0,0,0
5970,0,1,0,1,1,0,1,0,0,1
10687,0,1,0,1,1,0,0,0,0,0
10858,0,1,0,0,1,0,1,0,0,0
5472,0,1,1,0,1,1,1,0,0,0
1018,0,1,0,0,1,1,0,1,0,0
22566,0,1,1,0,1,1,0,0,0,0
3085,0,1,1,0,0,1,0,0,0,1
5954,0,1,0,0,1,1,0,0,0,0
2210,0,1,1,1,1,0,0,1,0,0
7896,0,1,1,1,1,1,0,0,0,0
10764,0,1,0,0,1,1,0,0,0,0
5373,0,1,1,0,1,1,0,0,0,0
22181,0,1,1,0,1,1,0,0,0,0
3323,1,1,1,1,1,1,1,0,0,0
1310,0,1,0,1,0,1,0,0,0,0
837,0,1,1,0,1,1,0,0,0,0
4374,0,0,1,0,0,1,0,0,0,0
10818,0,1,0,0,0,1,1,0,0,0
2563,0,1,1,0,1,1,1,1,0,0
7850,0,0,1,0,1,0,0,0,0,0
3914,0,1,1,0,1,1,1,1,0,1
3273,0,1,1,0,1,1,1,0,0,0
6205,0,1,1,1,1,1,0,0,0,0
3070,0,1,1,1,1,1,1,0,0,1
2231,1,1,1,1,1,1,1,1,0,0
2279,1,1,1,1,1,1,1,1,0,0
2359,0,0,0,0,1,0,0,0,0,0
3967,0,0,0,0,0,1,0,0,0,0
1358,0,1,1,1,1,1,0,0,0,0
6107,0,1,1,0,1,1,0,0,0,0
5382,0,0,0,0,0,0,0,0,0,0
2267,0,1,1,1,1,1,0,0,0,0
4890,0,0,1,0,1,1,1,0,0,0
2139,0,1,1,0,0,1,1,0,0,0
2299,0,0,0,1,0,0,0,0,0,1
7676,0,0,0,1,0,1,0,0,0,0
1283,0,1,1,0,1,1,0,0,0,0
10805,0,1,1,0,1,1,1,0,0,0
2391,0,0,1,0,0,1,0,0,0,0
7725,0,1,1,0,0,1,1,0,0,0
10651,0,1,1,1,1,1,1,1,0,0
833,0,0,0,0,0,0,0,0,0,0
5211,0,0,0,0,0,1,0,0,0,0
22220,1,1,0,1,1,0,0,1,0,0
3798,0,1,1,0,1,0,0,0,0,1
2825,0,0,0,0,0,1,0,1,0,0
5761,0,0,0,0,0,1,0,0,0,0
1307,1,1,1,0,1,1,1,0,1,0
6454,0,0,0,1,1,1,0,0,0,0
733,0,0,0,0,0,0,0,0,0,0
1457,0,1,1,1,1,1,0,0,0,0
7071,0,0,0,0,0,0,0,0,0,0
7982,1,1,1,0,1,1,1,0,0,0
22413,0,1,0,0,1,1,1,0,1,1
4059,0,0,0,0,0,0,1,0,0,0
5873,1,1,1,0,1,1,0,0,0,0
10795,0,0,1,0,0,1,0,0,0,0
2472,0,0,0,0,0,0,0,0,0,0
5732,0,0,0,0,1,1,0,0,0,0
2801,0,0,0,0,0,0,0,0,0,0
3335,0,0,0,0,0,1,0,1,0,0
2848,0,0,0,0,0,1,0,0,0,0
7740,0,1,1,0,1,1,1,0,0,0
8321,0,1,1,1,1,1,0,0,0,0
7427,0,1,0,1,1,0,0,1,0,0
10730,0,1,1,1,1,1,1,0,0,0
2814,0,1,1,0,0,0,0,0,0,0
3466,0,1,0,0,1,1,0,0,0,1
2145,0,0,1,1,0,1,1,0,0,0
6711,0,0,0,0,0,0,0,0,0,0
2432,0,1,1,1,1,1,0,0,0,0
2911,0,0,0,0,0,1,0,0,0,0
3445,0,0,0,0,0,1,0,0,0,0
6216,1,1,1,0,1,1,1,0,0,0
7654,0,1,0,1,1,1,0,0,0,1
6495,0,1,1,0,1,1,1,0,0,1
6351,0,0,0,0,0,0,0,0,0,0
2717,0,1,0,1,1,1,0,0,0,1
2336,0,1,1,1,1,1,0,0,1,0
2875,0,1,1,1,1,1,0,0,0,0
6138,0,1,1,1,1,1,0,0,0,0
1052,1,1,1,0,1,1,0,1,0,0
7866,0,0,0,1,0,1,0,0,0,0
2538,0,0,0,0,0,0,0,0,0,0
946,0,1,1,1,1,1,0,0,0,0
1166,0,0,0,0,0,1,0,0,0,0
3450,0,1,1,1,1,1,0,0,0,0
6183,0,1,1,1,1,1,1,0,0,0
2414,0,1,1,0,1,0,0,0,0,0
932,0,1,1,1,1,1,0,0,0,0
2584,0,0,1,0,0,0,0,0,0,0
8356,0,1,1,1,1,1,1,0,0,0
22439,0,0,0,0,0,0,0,0,1,0
5072,0,0,0,0,1,1,0,0,0,0
7911,0,0,0,0,0,0,0,0,0,0
20067,0,1,1,0,1,0,0,0,0,0
5192,0,0,0,1,0,1,1,1,0,0
6593,0,1,1,1,1,1,0,0,0,0
10799,0,1,0,0,1,1,1,0,1,0
2754,0,0,0,0,1,1,0,0,0,0
7854,1,1,0,0,1,0,0,0,0,0
2513,0,1,0,0,1,1,0,0,0,0
8410,0,1,1,1,1,1,1,0,0,1
5214,0,1,0,1,0,1,0,0,0,0
1252,0,0,0,1,1,1,1,1,0,0
7433,0,1,0,0,1,1,0,1,0,0
5623,0,1,1,1,1,1,0,0,0,0
849,0,0,0,0,0,0,0,0,0,0
3841,0,1,0,0,1,1,1,0,0,1
4614,0,1,1,0,1,1,1,0,0,0
2565,1,1,1,1,1,1,1,1,1,0
3130,0,1,1,1,1,1,1,0,0,0
3489,0,1,1,0,1,0,1,1,0,0
1418,0,1,1,1,1,1,0,0,0,0
1448,0,0,0,0,1,1,0,0,0,1
22584,0,1,0,0,1,0,0,1,1,1
7354,1,1,1,1,1,1,0,0,0,0
22323,0,1,0,0,1,1,1,0,0,0
40146,1,1,1,0,0,1,0,0,0,0
6237,0,0,1,0,1,0,0,0,0,0
6791,1,1,1,0,1,1,0,1,0,0
3497,0,1,1,0,1,1,0,0,0,0
31,0,0,0,0,0,1,0,0,0,0
11471,0,0,0,0,0,1,0,0,0,0
2147,0,0,1,1,0,1,1,0,0,0
7252,1,1,0,0,1,0,0,0,0,0
8220,0,1,0,0,1,0,0,0,1,0
3039,0,1,1,1,1,1,1,0,0,0
20289,0,1,0,0,1,1,0,0,0,0
599,0,0,0,0,0,1,0,0,0,0
8051,0,1,1,0,0,1,0,0,0,0
2381,0,1,0,0,1,1,0,0,0,0
8313,0,0,0,0,0,1,0,1,0,0
6986,1,1,1,0,1,1,0,0,0,1
5832,1,1,1,1,1,1,1,0,0,1
6069,0,1,1,0,1,1,0,1,0,0
5110,0,0,0,0,1,1,0,0,0,0
5408,0,1,1,1,1,1,0,0,0,0
10656,0,1,1,1,1,1,1,0,0,0
4312,0,1,0,0,0,1,1,0,0,0
7712,0,1,1,1,1,1,1,0,0,1
3117,0,1,1,0,1,0,1,0,0,0
22492,0,1,0,0,1,0,0,0,0,0
3678,0,1,1,0,1,1,1,0,0,1
1901,0,1,0,0,1,1,0,0,0,0
3991,0,0,1,0,1,1,0,0,0,0
19934,1,1,1,0,1,1,0,0,0,0
7244,0,1,1,0,1,1,0,0,0,0
11025,0,1,0,0,1,1,0,0,0,0
10426,1,1,1,0,1,1,1,0,0,0
7714,0,0,0,1,0,1,0,0,0,0
2519,0,1,1,1,1,0,0,0,0,0
22094,1,1,1,1,1,1,0,0,0,0
40137,0,1,1,0,1,0,0,0,0,0
8581,0,0,0,0,0,0,0,0,0,0
9788,0,1,1,1,1,1,1,0,0,0
9413,0,1,1,1,1,1,0,0,0,0
427,0,0,0,0,0,1,0,0,0,0
11708,0,1,1,1,1,1,0,0,0,0
692,0,0,0,0,0,1,0,0,0,0
10015,0,1,1,1,1,1,1,0,1,0
6116,0,1,1,0,1,1,1,0,0,0
9421,0,1,1,1,1,1,1,0,0,0
40395,1,0,1,0,0,1,0,0,0,0
2660,0,0,0,0,1,0,0,0,0,0
8537,0,1,0,0,1,0,0,0,0,0
4048,0,1,0,0,1,0,0,0,0,0
13134,0,1,1,1,1,1,0,0,0,1
40241,1,1,1,1,0,1,1,0,0,0
22414,0,1,1,0,1,1,0,0,1,0
7340,0,1,0,0,0,0,0,0,0,0
6300,0,0,0,0,1,0,0,0,0,0
452,0,0,0,0,0,0,0,0,0,0
12945,0,1,1,0,1,0,1,0,0,0
25288,0,1,1,0,1,0,0,0,0,0
8576,0,1,1,0,1,1,1,0,0,0
1416,0,0,0,0,0,1,0,0,0,0
10149,0,0,0,0,0,1,1,0,0,0
16906,0,0,0,0,0,0,0,1,0,0
9187,0,1,1,0,1,0,0,0,0,0
20120,1,1,0,1,1,1,1,0,0,0
10036,1,1,1,0,1,1,0,0,0,0
9991,0,1,1,1,1,0,1,0,0,0
31500,0,1,1,0,1,1,0,0,0,0
15728,0,0,0,0,0,0,0,0,0,0
9358,0,1,0,0,1,1,0,0,0,0
10474,0,1,1,1,1,1,0,0,0,0
14718,0,1,0,0,1,0,0,0,0,0
10346,0,0,0,0,0,0,0,0,0,0
2027,0,1,0,1,1,1,0,0,0,0
4579,0,1,1,0,1,1,1,0,0,0
25738,0,1,0,1,1,1,1,0,0,1
25609,0,0,0,0,0,1,0,1,0,0
22010,0,0,0,1,1,0,0,0,0,0
11114,1,1,1,1,1,1,1,0,0,0
40291,0,1,1,1,1,0,0,0,0,0
11677,0,0,1,1,1,1,0,0,0,0
375,0,1,1,0,1,0,1,1,0,1
7338,1,1,0,0,1,0,0,0,0,0
25576,0,0,0,1,0,1,1,1,0,0
9490,0,1,1,1,0,1,0,0,0,0
9162,0,1,1,1,1,1,0,0,0,0
18042,0,1,1,0,1,1,0,0,0,0
12008,0,1,0,0,1,1,0,1,0,0
3659,0,1,1,0,1,1,1,0,0,0
9206,0,0,0,0,0,0,0,0,0,0
30012,1,1,1,1,1,1,0,0,0,0
31090,0,1,0,0,0,0,0,0,0,0
1620,0,1,1,0,1,1,1,0,0,0
4482,0,1,1,1,1,1,0,0,0,0
269,1,1,1,0,1,1,0,0,0,0
1917,0,0,0,0,0,0,0,0,0,0
16717,0,1,1,1,1,1,0,0,0,0
5608,0,1,1,0,1,1,1,0,0,0
3310,0,1,1,1,1,1,1,1,0,0
30005,1,1,0,1,1,1,1,0,0,1
4633,0,0,0,0,1,1,0,0,0,0
230,0,1,1,1,1,1,1,1,0,0
20140,1,1,1,0,1,0,0,0,0,0
1233,0,1,1,1,1,1,1,0,0,0
15579,0,1,1,1,1,1,0,0,0,0
12694,0,1,1,1,1,1,0,0,0,0
492,0,0,0,1,0,0,0,0,0,0
9706,0,1,1,0,1,1,0,1,0,0
10355,0,1,1,0,1,1,0,0,0,0
10221,0,1,1,0,1,1,0,0,0,0
10160,0,1,0,0,1,1,0,0,0,0
25255,0,0,0,0,0,0,0,0,0,0
9416,0,1,1,0,1,1,0,0,0,0
6934,0,1,1,1,1,1,0,0,0,0
2174,0,1,1,0,1,0,1,0,0,0
3717,0,0,1,1,1,1,1,0,0,0
3008,0,1,0,0,1,0,0,0,0,0
16881,0,1,1,1,1,1,0,0,0,0
1595,0,1,1,0,1,1,1,0,1,0
9131,0,0,0,0,1,1,0,0,0,0
6071,0,0,0,0,1,0,0,0,0,0
4548,0,1,1,1,0,1,0,1,0,0
7391,0,1,1,0,1,1,0,0,0,0
1601,0,0,1,0,0,1,1,1,0,0
8562,0,1,0,0,1,1,0,0,0,0
12688,0,0,0,0,0,0,0,0,0,0
2159,0,1,1,1,1,1,1,0,0,1
10478,0,0,0,1,0,1,0,0,0,0
9804,0,0,0,0,0,1,0,0,0,0
22565,0,0,0,0,0,1,0,0,0,0
8544,0,1,1,0,1,0,1,0,0,0
2179,0,0,0,1,1,1,1,0,0,0
1220,0,1,1,0,1,1,0,0,0,0
2114,0,1,1,1,1,1,1,0,0,0
972,0,0,1,1,1,0,0,0,0,0
10167,1,1,1,0,1,1,0,1,0,0
5395,0,1,1,0,1,1,0,0,0,1
8433,0,1,1,1,1,0,0,0,0,0
9654,0,0,0,1,0,1,0,0,0,1
11926,0,0,0,0,0,1,0,0,0,0
1751,1,1,1,0,1,1,1,0,0,0
4835,0,0,0,0,0,1,0,1,0,0
11761,0,1,1,0,1,0,0,0,0,0
10893,0,1,1,0,1,1,1,1,0,0
11870,0,1,1,1,1,1,0,0,0,0
1217,0,0,0,0,0,1,1,0,0,0
18247,0,1,1,0,1,0,0,0,0,0
8523,0,1,0,1,1,1,0,0,0,0
25188,0,0,0,0,0,1,0,0,0,0
10032,Exception occurred. Please try again: File path ./docs/ReglamentoConvivencia_10032.pdf is not a valid file or url,Exception occurred. Please try again: File path ./docs/ReglamentoConvivencia_10032.pdf is not a valid file or url,Exception occurred. Please try again: File path ./docs/ReglamentoConvivencia_10032.pdf is not a valid file or url,Exception occurred. Please try again: File path ./docs/ReglamentoConvivencia_10032.pdf is not a valid file or url,Exception occurred. Please try again: File path ./docs/ReglamentoConvivencia_10032.pdf is not a valid file or url,Exception occurred. Please try again: File path ./docs/ReglamentoConvivencia_10032.pdf is not a valid file or url,Exception occurred. Please try again: File path ./docs/ReglamentoConvivencia_10032.pdf is not a valid file or url,Exception occurred. Please try again: File path ./docs/ReglamentoConvivencia_10032.pdf is not a valid file or url,Exception occurred. Please try again: File path ./docs/ReglamentoConvivencia_10032.pdf is not a valid file or url,Exception occurred. Please try again: File path ./docs/ReglamentoConvivencia_10032.pdf is not a valid file or url
6709,0,0,0,0,0,0,0,0,0,0
24809,0,1,1,1,1,1,0,0,0,1
11928,0,0,0,1,0,1,0,0,0,0
522,1,1,1,0,1,1,1,0,0,0
9334,0,1,1,0,1,1,0,0,0,0
10228,1,0,1,0,1,1,1,1,0,0
9467,0,1,1,1,1,1,1,0,0,0
455,0,1,1,0,1,1,0,1,0,0
40409,0,0,0,0,0,0,0,0,0,0
229,1,1,1,1,1,1,1,0,0,0
16926,0,1,0,1,1,0,0,0,0,0
9543,0,0,0,0,0,1,0,0,0,0
25639,0,1,0,0,1,0,0,1,0,0
14824,0,1,1,0,1,0,0,0,0,0
1722,1,1,0,0,1,1,0,0,0,0
25788,0,1,1,1,1,1,1,0,0,0
22621,0,0,1,1,1,1,0,0,0,0
6935,0,0,0,1,0,0,0,0,0,0
5372,0,0,0,0,0,1,0,0,0,0
25230,0,1,1,0,1,0,1,1,0,0
1215,0,0,0,0,0,0,0,0,0,0
16704,0,1,1,1,1,1,0,0,0,1
11789,0,1,0,1,1,1,0,1,0,0
12710,0,1,0,0,1,0,1,0,0,0
2990,0,1,1,1,1,0,1,0,0,0
24684,0,1,1,1,1,0,1,0,0,0
7448,0,1,1,0,1,1,0,0,0,0
10332,0,0,0,1,0,1,0,0,0,0
481,0,1,1,0,1,1,0,0,0,0
14518,0,1,1,0,1,0,0,0,0,0
31054,0,0,0,0,0,0,0,0,0,0
210,0,1,0,0,1,1,0,0,0,0
25039,0,1,0,0,1,1,0,0,0,0
9540,0,0,0,0,0,0,0,0,0,0
226,0,1,1,0,1,0,0,0,0,0
5695,1,1,1,0,1,1,0,0,0,0
40006,0,1,1,1,1,1,1,0,0,0
9036,1,1,1,0,1,1,1,1,0,0
8564,0,1,1,0,1,1,0,0,0,0
12941,0,1,1,0,1,1,0,1,0,0
10233,0,1,1,0,1,1,0,0,0,0
6225,0,1,0,1,1,1,1,1,0,0
9558,0,1,1,1,1,0,0,0,0,0
14601,0,0,0,0,0,0,0,0,0,0
10014,0,0,0,0,0,1,0,0,0,0
22766,0,0,0,1,0,0,0,0,0,0
10768,0,0,0,0,0,0,0,0,0,0
16816,0,1,1,0,1,1,0,0,0,0
22248,1,1,1,0,1,1,0,1,1,0
10327,0,0,1,1,0,1,0,0,0,0
7403,0,1,0,0,1,1,1,0,0,0
9805,0,1,1,0,1,0,1,0,0,1
8475,0,0,1,0,1,1,0,0,0,0
12860,0,1,1,1,1,1,0,1,0,0
24972,0,0,0,0,0,0,0,0,0,0
4728,0,1,1,1,1,1,0,1,0,0
16484,0,1,1,1,1,1,1,0,0,0
368,0,1,1,1,1,1,0,1,0,0
3294,0,0,1,0,1,1,1,0,0,0
2162,0,1,0,0,1,1,0,0,0,0
20046,0,1,1,1,1,0,1,0,0,0
22756,0,1,1,0,1,1,0,0,0,0
26111,1,1,1,0,1,1,1,0,0,0
8449,0,1,1,0,1,1,1,1,0,0
1680,0,0,0,0,1,1,1,0,0,0
4308,0,0,0,0,0,0,0,0,0,0
14234,0,0,1,0,1,0,0,0,0,0
20449,0,0,1,0,0,1,0,0,0,0
9337,0,1,0,0,1,0,0,0,0,0
31108,0,0,0,0,0,0,0,0,0,0
1325,0,1,0,0,1,1,0,0,0,0
6092,0,1,1,1,1,0,0,0,0,0
26139,0,1,1,0,1,1,0,0,0,0
2122,0,0,0,0,0,0,0,0,0,0
9873,0,1,1,0,1,1,0,0,0,0
4723,0,1,0,0,1,1,0,0,0,0
22554,0,0,0,0,0,0,1,0,0,0
5229,0,1,1,0,1,1,0,0,0,0
22610,0,1,0,0,1,0,0,0,0,0
9520,0,1,1,1,1,1,0,0,0,0
10006,1,1,1,0,1,0,1,0,0,0
22019,0,1,1,0,1,0,0,0,0,0
1569,0,0,0,0,0,1,0,0,0,0
7343,0,1,0,0,1,1,1,0,1,0
26494,0,0,1,1,1,1,0,0,0,0
464,0,1,1,0,1,1,0,0,0,0
22456,0,1,1,0,1,0,0,0,0,0
22255,0,0,0,0,1,1,0,0,0,0
5782,0,0,0,1,1,1,0,1,0,0
418,0,1,1,0,1,1,0,0,0,0
9012,0,1,1,0,1,1,1,0,0,1
9700,0,1,0,1,1,0,0,1,0,0
9786,0,1,1,0,1,1,0,0,0,0
16980,0,0,0,0,0,0,0,0,0,0
10326,0,0,0,0,0,0,0,0,0,0
6379,0,1,0,0,1,1,0,0,0,1
11809,0,0,0,0,0,0,0,0,0,0
9430,0,1,0,0,1,0,1,0,0,0
31219,0,1,1,1,1,1,1,0,0,0
2129,0,1,1,1,1,1,1,0,0,0
4736,0,1,1,1,1,0,1,0,0,0
9302,0,0,0,0,0,0,0,0,0,0
2079,0,1,1,0,1,1,1,0,0,1
3671,0,1,1,0,1,0,1,0,0,0
22738,0,1,1,0,1,1,0,0,0,0
1885,0,1,1,0,1,0,0,0,0,0
9017,1,1,1,0,0,1,0,0,0,0
15811,0,1,0,1,1,1,1,0,0,1
10625,0,1,1,0,1,1,0,0,0,0
4665,0,0,1,0,1,0,0,0,0,0
2747,0,0,1,0,0,0,0,0,0,0
4999,0,0,0,1,0,1,0,0,1,0
25350,0,0,0,0,0,1,0,1,0,0
15605,0,1,1,0,1,0,0,0,0,1
9803,0,0,0,0,0,1,0,0,0,0
19973,0,1,0,1,0,1,0,0,0,1
17690,0,1,0,0,1,0,1,0,0,0
10744,0,1,1,1,1,1,1,0,0,1
18149,0,1,0,0,0,1,0,0,0,0
4781,0,0,1,0,0,0,0,0,0,0
3714,0,0,1,1,0,1,0,1,0,0
25484,0,1,0,0,1,1,0,1,0,0
10579,0,1,1,1,1,1,1,0,0,0
10351,0,1,1,0,1,0,0,0,0,0
1483,0,1,1,0,1,1,1,0,0,0
5592,0,1,1,1,1,1,1,0,0,0
4818,0,1,1,0,1,1,1,0,0,0
2116,0,0,0,1,0,1,0,0,0,0
8540,0,1,1,0,1,0,0,0,0,0
11343,0,0,1,1,0,1,1,0,0,0
40219,0,0,0,0,0,1,0,0,0,1
13632,0,0,0,0,0,1,0,0,0,1
5578,0,0,0,0,1,1,0,0,0,0
7133,0,1,1,1,1,1,0,0,0,0
2120,0,1,1,1,1,1,0,0,0,1
5678,0,0,1,1,0,1,1,0,0,0
2626,0,0,0,0,0,1,0,0,0,0
4266,0,0,0,0,0,1,0,0,0,0
2989,0,0,1,0,1,1,0,0,0,0
8019,0,0,1,1,1,1,0,0,0,0
3849,0,0,0,0,0,0,0,0,0,0
16713,0,1,0,1,1,1,0,0,0,0
4139,0,1,1,1,1,1,0,0,0,0
7061,1,1,1,0,1,1,1,0,1,0
10672,0,0,0,0,0,1,0,0,0,0
10522,0,1,1,1,1,0,0,0,0,0
10411,0,1,1,0,1,1,0,0,0,0
1976,0,0,1,1,0,1,0,1,1,0
5348,0,0,1,1,1,1,1,0,0,0
1019,0,1,1,1,1,1,1,1,0,0
3073,1,1,0,1,1,1,1,0,0,0
4512,0,1,0,1,1,1,1,0,0,0
1135,0,1,1,1,1,1,1,0,0,0
471,0,1,1,0,1,1,0,0,0,0
2036,0,1,0,1,1,1,0,0,0,0
7682,Exception occurred. Please try again: No se pudo dividir en texto el documento ./docs/ReglamentoConvivencia_7682.pdf,Exception occurred. Please try again: No se pudo dividir en texto el documento ./docs/ReglamentoConvivencia_7682.pdf,Exception occurred. Please try again: No se pudo dividir en texto el documento ./docs/ReglamentoConvivencia_7682.pdf,Exception occurred. Please try again: No se pudo dividir en texto el documento ./docs/ReglamentoConvivencia_7682.pdf,Exception occurred. Please try again: No se pudo dividir en texto el documento ./docs/ReglamentoConvivencia_7682.pdf,Exception occurred. Please try again: No se pudo dividir en texto el documento ./docs/ReglamentoConvivencia_7682.pdf,Exception occurred. Please try again: No se pudo dividir en texto el documento ./docs/ReglamentoConvivencia_7682.pdf,Exception occurred. Please try again: No se pudo dividir en texto el documento ./docs/ReglamentoConvivencia_7682.pdf,Exception occurred. Please try again: No se pudo dividir en texto el documento ./docs/ReglamentoConvivencia_7682.pdf,Exception occurred. Please try again: No se pudo dividir en texto el documento ./docs/ReglamentoConvivencia_7682.pdf
7460,0,0,0,0,0,0,0,0,0,0
1208,0,1,1,1,1,1,0,0,0,0
12623,0,1,1,1,1,1,0,1,0,0
11854,0,1,1,0,1,1,0,0,0,0
1473,0,1,1,1,1,1,0,0,0,1
10530,0,1,1,1,1,1,1,1,0,0
4837,0,1,1,1,1,1,1,0,0,1
198,0,0,0,1,1,1,0,0,0,0
2654,0,1,1,0,1,1,1,1,0,0
10692,0,0,1,0,1,1,1,0,0,0
6970,0,0,1,0,1,1,0,0,0,0
6040,0,0,1,1,0,1,0,0,0,0
5363,0,0,0,0,1,1,1,0,0,0
8205,0,1,1,0,1,0,0,0,0,0
1286,1,1,1,0,1,1,0,0,0,0
7905,0,1,1,0,1,1,1,0,0,0
20489,1,1,1,0,1,0,0,0,0,1
20281,0,1,0,0,1,0,0,0,0,0
2235,0,0,0,0,1,0,0,0,0,0
10856,1,0,1,0,1,1,0,0,0,0
6793,0,1,0,0,1,1,0,0,0,0
3683,0,1,1,1,1,1,1,0,0,0
8530,0,1,0,0,1,0,1,0,0,0
5589,0,0,0,0,0,1,0,0,0,0
4866,0,1,0,1,1,1,0,0,0,0
11203,0,0,0,1,0,0,0,0,0,0
9431,0,1,0,0,1,1,0,0,0,1
24920,1,0,1,1,1,0,0,0,0,0
11906,0,1,1,0,1,1,1,0,0,1
8933,0,1,0,1,1,0,0,0,0,0
9032,0,0,0,1,1,1,0,1,0,0
41845,Exception occurred. Please try again: File path ./docs/ReglamentoConvivencia_41845.pdf is not a valid file or url,Exception occurred. Please try again: File path ./docs/ReglamentoConvivencia_41845.pdf is not a valid file or url,Exception occurred. Please try again: File path ./docs/ReglamentoConvivencia_41845.pdf is not a valid file or url,Exception occurred. Please try again: File path ./docs/ReglamentoConvivencia_41845.pdf is not a valid file or url,Exception occurred. Please try again: File path ./docs/ReglamentoConvivencia_41845.pdf is not a valid file or url,Exception occurred. Please try again: File path ./docs/ReglamentoConvivencia_41845.pdf is not a valid file or url,Exception occurred. Please try again: File path ./docs/ReglamentoConvivencia_41845.pdf is not a valid file or url,Exception occurred. Please try again: File path ./docs/ReglamentoConvivencia_41845.pdf is not a valid file or url,Exception occurred. Please try again: File path ./docs/ReglamentoConvivencia_41845.pdf is not a valid file or url,Exception occurred. Please try again: File path ./docs/ReglamentoConvivencia_41845.pdf is not a valid file or url
2151,0,0,0,1,0,0,0,0,0,0
24464,0,0,0,0,0,0,0,1,0,0
25112,0,1,0,0,1,1,0,0,1,0
9097,0,1,1,0,1,1,1,0,0,1
40014,0,1,0,1,1,0,0,0,0,0
5680,0,1,0,1,1,1,0,0,0,0
25492,0,0,1,0,1,1,0,0,0,0
25836,0,1,1,1,1,1,0,1,0,0
9102,0,0,1,1,1,1,0,1,0,0
9922,0,1,1,0,1,1,0,0,0,0
24642,0,1,1,0,1,1,1,1,0,0
26298,0,1,1,0,1,0,0,0,0,0
318,Exception occurred. Please try again: No se pudo dividir en texto el documento ./docs/ReglamentoConvivencia_318.pdf,Exception occurred. Please try again: No se pudo dividir en texto el documento ./docs/ReglamentoConvivencia_318.pdf,Exception occurred. Please try again: No se pudo dividir en texto el documento ./docs/ReglamentoConvivencia_318.pdf,Exception occurred. Please try again: No se pudo dividir en texto el documento ./docs/ReglamentoConvivencia_318.pdf,Exception occurred. Please try again: No se pudo dividir en texto el documento ./docs/ReglamentoConvivencia_318.pdf,Exception occurred. Please try again: No se pudo dividir en texto el documento ./docs/ReglamentoConvivencia_318.pdf,Exception occurred. Please try again: No se pudo dividir en texto el documento ./docs/ReglamentoConvivencia_318.pdf,Exception occurred. Please try again: No se pudo dividir en texto el documento ./docs/ReglamentoConvivencia_318.pdf,Exception occurred. Please try again: No se pudo dividir en texto el documento ./docs/ReglamentoConvivencia_318.pdf,Exception occurred. Please try again: No se pudo dividir en texto el documento ./docs/ReglamentoConvivencia_318.pdf
25593,0,0,0,0,1,1,0,0,0,0
8513,0,1,1,1,1,1,1,0,1,0
26043,1,1,1,1,1,1,0,0,0,0
9485,1,1,1,0,1,0,0,0,0,0
14753,0,1,0,0,1,0,1,0,0,0
8661,0,1,1,0,1,1,1,0,0,0
10341,0,1,1,0,1,1,1,0,0,0
9941,Exception occurred. Please try again: File path ./docs/ReglamentoConvivencia_9941.pdf is not a valid file or url,Exception occurred. Please try again: File path ./docs/ReglamentoConvivencia_9941.pdf is not a valid file or url,Exception occurred. Please try again: File path ./docs/ReglamentoConvivencia_9941.pdf is not a valid file or url,Exception occurred. Please try again: File path ./docs/ReglamentoConvivencia_9941.pdf is not a valid file or url,Exception occurred. Please try again: File path ./docs/ReglamentoConvivencia_9941.pdf is not a valid file or url,Exception occurred. Please try again: File path ./docs/ReglamentoConvivencia_9941.pdf is not a valid file or url,Exception occurred. Please try again: File path ./docs/ReglamentoConvivencia_9941.pdf is not a valid file or url,Exception occurred. Please try again: File path ./docs/ReglamentoConvivencia_9941.pdf is not a valid file or url,Exception occurred. Please try again: File path ./docs/ReglamentoConvivencia_9941.pdf is not a valid file or url,Exception occurred. Please try again: File path ./docs/ReglamentoConvivencia_9941.pdf is not a valid file or url
8532,0,0,1,0,1,1,1,0,0,0
9946,0,1,1,0,1,1,1,0,0,0
20307,0,1,1,1,1,1,1,1,0,1
24817,0,1,1,1,1,1,0,0,0,0
1484,0,1,1,1,1,1,1,0,0,0
9859,0,1,1,1,1,1,1,0,0,0
26463,Exception occurred. Please try again: File path ./docs/ReglamentoConvivencia_26463.pdf is not a valid file or url,Exception occurred. Please try again: File path ./docs/ReglamentoConvivencia_26463.pdf is not a valid file or url,Exception occurred. Please try again: File path ./docs/ReglamentoConvivencia_26463.pdf is not a valid file or url,Exception occurred. Please try again: File path ./docs/ReglamentoConvivencia_26463.pdf is not a valid file or url,Exception occurred. Please try again: File path ./docs/ReglamentoConvivencia_26463.pdf is not a valid file or url,Exception occurred. Please try again: File path ./docs/ReglamentoConvivencia_26463.pdf is not a valid file or url,Exception occurred. Please try again: File path ./docs/ReglamentoConvivencia_26463.pdf is not a valid file or url,Exception occurred. Please try again: File path ./docs/ReglamentoConvivencia_26463.pdf is not a valid file or url,Exception occurred. Please try again: File path ./docs/ReglamentoConvivencia_26463.pdf is not a valid file or url,Exception occurred. Please try again: File path ./docs/ReglamentoConvivencia_26463.pdf is not a valid file or url
9190,0,0,0,0,0,1,0,0,0,0
8931,0,0,0,1,1,0,1,1,0,0
8699,0,0,0,0,0,1,0,0,0,0
31265,0,0,1,1,1,1,1,0,0,0
15585,0,1,1,0,1,1,0,0,0,0
4767,0,1,1,1,1,1,0,0,0,0
20218,0,1,1,1,1,1,1,0,0,1
9084,0,0,0,0,0,1,0,0,0,0
41018,0,1,0,1,1,0,0,0,0,0
4838,0,0,0,0,0,0,0,0,0,0
5611,0,1,1,1,1,1,1,0,0,0
3866,0,1,1,0,1,1,1,0,1,0
4758,0,1,1,1,1,0,0,0,0,0
1462,0,1,0,0,0,1,0,1,0,0
